1,117.07012804,40.08219370,0.08,1,0.70,28.58
2,116.91229709,40.34587945,0.12,1,0.61,14.52
3,116.90192928,40.27966009,0.10,0,0.64,15.20
4,116.56133147,40.40548659,0.07,1,0.62,15.12
5,115.56018335,40.54827548,0.11,1,0.68,4.35
6,116.44923569,39.73997226,0.12,0,0.44,24.13
7,117.06039279,40.51605511,0.11,1,0.65,16.04
8,116.87521368,40.44680017,0.11,1,0.72,4.98
9,116.45554374,39.93572201,0.11,1,0.44,4.99
10,116.72186226,40.26497042,0.14,1,0.53,4.34
11,117.07175436,40.48377580,0.10,1,0.40,14.56
12,117.07478647,40.50967712,0.09,1,0.25,30.40
13,117.07975154,40.61679612,0.14,1,0.38,13.80
14,116.80814129,40.19968918,0.12,1,0.47,29.29
15,117.04532896,40.63278972,0.07,1,0.73,29.09
16,116.63491389,39.94335526,0.05,1,0.73,15.66
17,116.95477780,39.70787022,0.03,1,0.71,4.58
18,116.76763957,40.13863363,0.12,1,0.63,14.29
19,116.79642197,40.08926821,0.11,1,0.50,15.53
20,117.04028541,40.56177202,0.15,1,0.52,16.13
21,116.82986466,40.21255593,0.12,0,0.64,16.50
22,117.05486074,40.22379510,0.05,1,0.52,16.82
23,117.09229775,40.70036278,0.14,1,0.47,15.67
24,117.00000889,40.15501484,0.13,1,0.41,12.49
25,116.80585255,40.68457885,0.04,1,0.38,14.98
26,117.10578331,40.48101093,0.12,1,0.74,14.82
27,117.00034919,40.26031839,0.08,1,0.56,4.72
28,117.18175242,40.54288089,0.09,1,0.64,13.69
29,117.26053646,40.63469630,0.13,1,0.36,15.09
30,116.89318444,40.63130049,0.03,1,0.68,16.28
31,116.51138158,40.75759411,0.13,0,0.38,15.08
32,116.92766711,40.21507716,0.11,1,0.49,15.62
33,117.03870767,40.52514870,0.13,1,0.61,4.72
34,116.44117417,40.57133497,0.13,1,0.65,4.41
35,117.12304018,40.62321422,0.12,0,0.63,4.49
36,116.91266359,40.35358371,0.11,1,0.43,15.86
37,117.02030625,40.54053249,0.12,0,0.39,4.83
38,116.63153715,40.79196567,0.08,1,0.44,4.54
39,116.59191128,40.73401142,0.09,1,0.55,16.32
40,116.92883538,40.67069046,0.05,0,0.72,15.13
41,116.57595206,40.73401619,0.05,1,0.63,16.28
42,116.82815263,40.60423802,0.09,1,0.70,13.24
43,117.14779706,40.64666267,0.12,0,0.46,16.03
44,116.56892912,40.72135845,0.11,1,0.51,14.82
45,117.01922031,40.16327264,0.08,1,0.58,14.77
46,117.01951069,39.57285904,0.14,1,0.55,14.57
47,116.96515483,40.51774611,0.09,1,0.29,13.14
48,116.40793792,39.81696945,0.14,1,0.46,16.27
49,117.23303197,40.58474149,0.04,1,0.49,13.39
50,116.32802431,39.79988095,0.08,1,0.53,15.18
51,116.26202003,40.02041530,0.12,0,0.47,30.32
52,116.75753732,40.29616877,0.07,1,0.65,15.43
53,117.41088275,40.78202072,0.12,1,0.69,4.49
54,116.68498426,40.49430495,0.10,1,0.60,15.85
55,116.63258644,40.31254912,0.15,1,0.72,14.60
56,116.79590525,40.38441465,0.08,1,0.40,15.33
57,116.69537424,40.57728966,0.10,0,0.68,15.29
58,116.78358499,40.52527640,0.10,1,0.59,14.13
59,117.31170022,40.67196154,0.15,1,0.61,14.01
60,116.92151375,40.43057928,0.09,1,0.45,15.29
61,116.81984605,39.97386894,0.07,1,0.48,15.39
62,116.79952246,40.65567148,0.08,1,0.51,14.77
63,116.83178132,40.69379025,0.11,0,0.59,16.02
64,116.84922602,40.38821107,0.11,1,0.88,4.95
65,116.81357988,40.66190481,0.10,1,0.59,14.31
66,116.85416987,40.68157217,0.14,1,0.62,4.23
67,116.50821255,39.77571568,0.09,1,0.63,15.58
68,116.91025279,40.18501211,0.12,0,0.65,15.47
69,116.90293994,40.12704543,0.12,1,0.55,4.30
70,116.48965462,40.98592659,0.07,0,0.59,4.57
71,117.15450961,40.64865588,0.09,1,0.60,14.56
72,116.90638643,40.41936483,0.09,1,0.57,14.74
73,116.86589886,40.47227840,0.06,0,0.49,31.24
74,117.03978407,40.49954735,0.13,1,0.59,15.72
75,116.90647213,40.34238657,0.07,1,0.57,13.52
76,117.12896877,40.71276279,0.09,1,0.44,14.50
77,116.99506571,40.45051272,0.14,1,0.69,14.36
78,117.05033072,40.52307334,0.08,1,0.67,14.56
79,117.00279815,40.21534750,0.08,1,0.62,13.48
80,116.75054751,40.55083814,0.08,1,0.45,16.27
81,116.40554638,39.83083101,0.11,0,0.59,14.43
82,116.99008429,39.51067435,0.09,1,0.56,15.86
83,117.35415111,40.67737124,0.11,1,0.58,14.13
84,116.82429457,40.21283330,0.09,1,0.56,29.33
85,117.22622520,40.61109396,0.10,1,0.48,16.87
86,116.71803090,40.31320383,0.05,1,0.48,13.16
87,116.48201679,39.74097577,0.14,0,0.49,14.83
88,116.40919157,40.02597088,0.02,1,0.48,13.82
89,116.39709272,40.06920317,0.11,1,0.63,4.62
90,117.01314937,40.27556801,0.10,0,0.69,16.10
91,116.59345145,39.73930841,0.09,1,0.45,15.13
92,116.97956506,40.56516519,0.06,1,0.62,30.62
93,116.37349532,40.14567856,0.13,1,0.69,31.01
94,116.39471834,39.77458609,0.11,1,0.59,14.58
95,116.41521732,39.78243424,0.08,1,0.48,4.41
96,116.81268404,40.04746823,0.06,0,0.53,30.20
97,116.81833412,40.12987046,0.09,0,0.66,34.90
98,116.76785865,40.82023742,0.10,1,0.75,4.36
99,115.50519328,40.90666815,0.16,1,0.58,3.97
100,115.51749238,40.45250239,0.07,1,0.51,16.02
101,117.18314535,40.69136700,0.04,1,0.60,14.88
102,116.95359255,40.61570650,0.10,1,0.54,4.57
103,115.43270516,40.44432523,0.11,1,0.68,13.18
104,116.84693473,40.07671321,0.08,1,0.59,28.27
105,117.26291782,40.49373790,0.09,1,0.55,12.79
106,116.72801141,40.35722586,0.16,0,0.38,15.08
107,116.89388014,39.99616155,0.11,0,0.42,13.03
108,116.28388693,40.10256777,0.09,1,0.18,4.41
109,116.35755260,40.25129249,0.10,1,0.41,16.13
110,115.47069297,40.57091603,0.15,1,0.33,4.48
111,116.79722053,40.64081589,0.10,1,0.46,4.40
112,116.92991516,40.85144165,0.07,0,0.41,4.29
113,116.42137814,40.12348986,0.10,1,0.51,4.52
114,116.45253369,40.44598162,0.12,1,0.49,14.97
115,116.28764864,40.14671089,0.03,0,0.54,14.17
116,115.56183850,40.92485101,0.10,1,0.38,13.81
117,117.18605115,40.45760796,0.08,0,0.56,17.80
118,115.69179737,40.08410434,0.03,1,0.74,14.51
119,116.79642851,40.15079286,0.11,0,0.44,16.43
120,116.38819531,40.10968621,0.13,1,0.51,15.33
121,115.73325889,40.00658950,0.12,1,0.40,15.15
122,116.37530334,40.14393240,0.12,1,0.69,16.06
123,116.36457572,40.14015323,0.08,1,0.46,14.41
124,116.48608478,40.13708564,0.11,1,0.63,15.43
125,116.38987069,40.19833780,0.07,0,0.58,4.71
126,116.85027923,39.96737528,0.07,1,0.55,31.14
127,116.28248751,40.10902271,0.15,1,0.53,15.13
128,116.47282041,40.40799053,0.11,1,0.44,4.37
129,116.44152970,39.73222836,0.15,1,0.28,4.71
130,116.65898640,40.15591590,0.05,1,0.72,15.20
131,116.40865644,40.12630064,0.14,1,0.78,14.24
132,116.49085328,40.15642983,0.09,1,0.48,4.47
133,116.82127073,40.45458359,0.09,0,0.58,4.56
134,116.82661866,40.32833674,0.11,0,0.48,15.89
135,116.50678432,40.53582714,0.14,1,0.51,14.82
136,116.67138271,40.70500989,0.14,1,0.67,4.55
137,116.87528666,40.52294901,0.12,0,0.60,14.09
138,116.39668150,40.16228745,0.06,1,0.51,14.47
139,116.59340074,40.51089996,0.11,0,0.65,15.96
140,116.84072631,39.96034632,0.10,1,0.53,4.66
141,116.35754994,40.24133480,0.03,1,0.43,15.34
142,116.78669688,40.68224498,0.14,0,0.62,15.44
143,116.59897273,40.83136905,0.09,0,0.43,14.13
144,116.89501506,40.07939361,0.07,1,0.61,14.56
145,116.88641686,40.08250977,0.11,1,0.49,15.99
146,117.05800673,40.51081865,0.06,1,0.50,4.52
147,116.73672265,40.58712109,0.10,1,0.51,4.13
148,116.70921646,40.14312607,0.14,1,0.33,16.27
149,116.56205935,40.41826954,0.11,1,0.68,16.19
150,115.55002214,40.64015702,0.07,1,0.65,14.68
151,116.51011793,40.48202677,0.10,1,0.47,4.30
152,116.97815251,40.62628618,0.09,1,0.67,15.34
153,116.81035495,39.84006234,0.10,1,0.48,14.24
154,116.88246248,40.48470351,0.12,1,0.41,4.48
155,116.89209649,40.25950953,0.13,0,0.55,15.23
156,116.84917680,40.27040267,0.11,1,0.59,4.44
157,116.81569352,40.35831388,0.10,1,0.71,16.76
158,117.02437797,40.11207776,0.15,1,0.31,14.27
159,115.49210942,40.77583655,0.12,1,0.73,4.61
160,116.75998582,40.33794268,0.10,1,0.61,15.49
161,116.37208292,40.17283991,0.09,1,0.48,14.32
162,117.25422416,40.37709297,0.13,1,0.54,32.51
163,116.90762290,40.60415490,0.08,1,0.71,15.11
164,116.54932500,40.21478102,0.10,1,0.61,31.30
165,117.20340481,40.49722849,0.10,1,0.70,14.82
166,117.24272573,40.47267596,0.08,1,0.57,15.90
167,116.92449797,40.35202988,0.11,1,0.50,15.47
168,117.28941094,40.50831069,0.14,1,0.80,15.27
169,116.13424924,40.46707121,0.10,1,0.56,4.31
170,116.87644296,40.46387744,0.14,0,0.46,16.18
171,117.11458627,40.66192980,0.10,1,0.53,32.70
172,116.78832519,40.33258711,0.07,0,0.58,16.36
173,115.53232540,40.29096017,0.13,1,0.53,4.50
174,116.51812540,40.11921822,0.08,0,0.50,29.85
175,116.60392651,40.68130875,0.13,1,0.68,15.73
176,117.04031788,40.30995008,0.11,1,0.66,4.20
177,117.22182487,40.42434555,0.06,1,0.69,4.48
178,117.14543737,40.33596043,0.05,1,0.52,15.47
179,117.16762450,40.33524633,0.13,1,0.44,16.38
180,115.47683840,40.76106731,0.11,0,0.72,14.58
181,116.72218628,40.65525762,0.14,1,0.47,15.48
182,117.22929917,40.49654329,0.13,0,0.38,4.60
183,115.52117891,40.59576541,0.09,1,0.59,4.38
184,117.10989447,40.52313359,0.14,1,0.54,14.18
185,116.14253596,40.52451728,0.09,1,0.48,17.03
186,115.68705571,40.22106431,0.07,1,0.89,4.28
187,116.72557046,40.68919159,0.08,1,0.59,14.40
188,116.45332150,39.96680093,0.12,1,0.54,16.04
189,116.77785918,40.08374561,0.11,1,0.66,12.54
190,117.30282200,40.53426723,0.11,1,0.27,15.55
191,116.41730126,40.96134952,0.13,1,0.33,4.33
192,116.75886780,40.67265193,0.10,1,0.57,14.06
193,117.46425197,40.69986775,0.06,0,0.64,15.77
194,116.68499465,40.07116421,0.08,1,0.51,14.80
195,117.24636734,40.46390523,0.09,1,0.48,15.38
196,116.38221594,39.78324482,0.12,1,0.61,28.46
197,116.90498475,40.34968967,0.07,1,0.57,13.41
198,116.45311824,40.20613407,0.13,1,0.37,14.17
199,116.63510510,40.91192594,0.07,1,0.62,15.47
200,116.60856670,40.09087095,0.12,1,0.53,14.51
201,116.51010549,39.86390121,0.05,1,0.77,15.35
202,117.07014535,40.65997309,0.10,1,0.46,15.57
203,117.01789620,40.16003512,0.14,1,0.61,29.28
204,116.40135506,40.00536643,0.13,1,0.34,14.64
205,116.39178274,39.77078771,0.13,1,0.47,4.53
206,116.81880067,40.66727885,0.07,1,0.72,14.48
207,116.56667860,40.35529546,0.13,1,0.71,14.40
208,116.58332056,40.38113852,0.13,1,0.47,13.77
209,116.73628077,39.80034916,0.09,1,0.47,16.78
210,116.50081149,40.78478753,0.14,1,0.51,13.29
211,116.81421110,40.29092181,0.17,1,0.72,14.77
212,116.75017421,39.76205409,0.11,1,0.50,14.18
213,116.45073242,40.41485281,0.12,1,0.59,13.23
214,116.71138345,40.31107929,0.10,1,0.59,14.49
215,116.50801759,40.37609049,0.05,0,0.33,27.50
216,116.42717700,40.07112466,0.10,0,0.71,4.82
217,116.52657565,40.34614410,0.07,0,0.50,4.58
218,116.65307438,40.38684512,0.10,1,0.61,15.91
219,116.58675533,40.53565206,0.13,1,0.35,14.43
220,116.51777286,40.38415863,0.08,1,0.66,15.64
221,116.59342136,40.27883634,0.03,0,0.56,13.98
222,116.35125792,40.09106470,0.14,1,0.63,14.92
223,116.58675787,40.39161733,0.11,1,0.61,14.41
224,116.37791221,40.05952884,0.13,1,0.39,13.39
225,116.63799701,40.13884448,0.12,1,0.42,4.69
226,116.62191953,40.08222230,0.10,1,0.69,14.31
227,116.67117193,40.38186180,0.07,1,0.39,16.18
228,116.60561485,40.30470642,0.11,0,0.66,14.49
229,116.40496801,40.27110898,0.10,1,0.28,14.83
230,116.82393052,40.69270050,0.12,1,0.70,14.39
231,116.76626893,40.40214542,0.10,1,0.86,15.03
232,116.39006208,40.15174996,0.16,1,0.68,14.78
233,116.44364634,40.07686453,0.13,1,0.63,4.26
234,116.36336241,40.20306272,0.04,1,0.53,15.24
235,116.50185422,40.36978016,0.08,1,0.41,29.68
236,116.39204862,40.31880998,0.05,1,0.49,4.69
237,116.42722789,40.15573507,0.11,1,0.67,16.04
238,116.39342945,40.15865402,0.10,1,0.44,13.73
239,116.45874752,40.27461742,0.13,1,0.53,4.33
240,116.48775461,40.39116717,0.09,0,0.54,28.46
241,116.36534998,40.09768466,0.08,1,0.47,13.85
242,116.46464929,40.17051680,0.15,1,0.63,15.62
243,116.65393028,40.64926229,0.09,1,0.50,32.43
244,116.48720171,40.34412992,0.06,0,0.44,29.24
245,116.55509296,40.35742666,0.12,1,0.42,16.28
246,116.67992744,40.36178302,0.12,1,0.42,14.99
247,116.76291218,40.66785947,0.12,1,0.57,16.96
248,116.47935539,40.27656080,0.12,1,0.49,16.67
249,116.58391537,40.45438782,0.12,1,0.74,15.57
250,116.44175017,40.42108063,0.03,1,0.54,4.92
251,116.47410312,40.38355358,0.07,1,0.56,13.72
252,116.62227214,40.30849946,0.11,1,0.73,4.95
253,115.62464359,40.33112734,0.09,1,0.57,16.13
254,116.61367206,40.46915157,0.03,1,0.45,16.04
255,116.62367561,40.25659861,0.12,0,0.43,14.51
256,116.74826950,40.61665994,0.15,1,0.52,14.27
257,116.85665305,40.74333037,0.08,1,0.42,4.52
258,116.77612716,40.58118141,0.06,1,0.91,14.69
259,116.50721152,40.41446456,0.13,1,0.70,4.41
260,116.73689286,40.60217186,0.05,0,0.65,15.45
261,116.54532892,40.39792897,0.11,1,0.39,15.80
262,116.70330947,40.30792865,0.11,0,0.70,15.15
263,116.55893557,40.22818302,0.14,0,0.65,15.81
264,116.69737359,40.53760232,0.12,1,0.69,15.63
265,116.70189507,40.69124084,0.06,1,0.52,4.70
266,116.53110130,40.36231799,0.13,1,0.49,15.46
267,116.61020554,40.40233054,0.09,1,0.73,13.83
268,116.68442762,40.58931278,0.08,1,0.55,17.56
269,116.84610380,40.45840190,0.10,1,0.72,15.68
270,116.72783248,40.63081084,0.10,0,0.49,13.64
271,116.83335255,40.58648043,0.10,0,0.63,4.64
272,116.63066682,40.40096306,0.05,1,0.54,4.09
273,116.60444053,40.09273095,0.10,1,0.63,14.31
274,116.42770796,40.02727623,0.10,0,0.77,4.37
275,116.39110727,39.99281485,0.07,1,0.50,13.82
276,116.42557888,40.08868564,0.09,1,0.67,4.32
277,116.53531287,40.20506721,0.14,1,0.76,14.83
278,116.69334058,40.38517698,0.08,1,0.44,14.84
279,116.44094614,40.14338229,0.11,0,0.18,15.19
280,116.79651144,40.29220349,0.09,1,0.48,31.95
281,116.46350448,40.97536497,0.13,1,0.65,15.36
282,116.39155502,40.16985010,0.08,0,0.72,13.62
283,116.36354401,40.13022320,0.09,1,0.54,29.89
284,116.89198440,40.61484228,0.09,0,0.83,4.56
285,116.96335693,39.69904378,0.10,1,0.49,15.58
286,116.85450969,40.61659271,0.09,0,0.54,14.76
287,116.37277616,39.70737862,0.12,0,0.54,16.63
288,116.81169044,40.72807328,0.16,1,0.49,15.03
289,116.88472832,40.53127755,0.10,1,0.60,4.95
290,116.39759605,40.40273453,0.08,1,0.48,15.20
291,117.29895614,40.47777097,0.14,1,0.44,15.77
292,116.57385010,40.37816918,0.09,1,0.59,15.44
293,116.82500397,40.68236459,0.10,1,0.25,14.09
294,117.13361721,40.34031515,0.16,1,0.45,15.56
295,116.49908749,40.36896071,0.07,1,0.62,14.10
296,116.87611263,40.32856594,0.16,1,0.61,15.71
297,117.16516059,40.50063821,0.08,1,0.52,14.54
298,116.41794121,40.31348177,0.08,1,0.34,12.97
299,116.46939558,40.40594163,0.09,1,0.57,14.08
300,116.85655393,40.30246013,0.10,1,0.54,31.10
301,116.70669171,39.90848186,0.11,0,0.45,14.55
302,116.80531071,40.31238139,0.09,1,0.41,16.16
303,116.56502841,40.81244141,0.08,1,0.39,14.73
304,117.21996389,40.45760383,0.08,1,0.29,4.42
305,116.82901252,40.48318850,0.12,1,0.38,15.80
306,116.86856059,40.41494981,0.12,1,0.52,4.47
307,116.74586650,40.57752130,0.11,1,0.61,4.35
308,116.39474160,40.27983262,0.09,1,0.42,13.45
309,116.65896676,40.64552434,0.13,1,0.38,14.49
310,116.59346147,40.13991913,0.11,1,0.42,16.10
311,116.98004589,40.58170767,0.06,1,0.60,4.56
312,116.79040040,40.45286388,0.07,0,0.67,15.28
313,116.81309639,39.80596500,0.10,0,0.50,16.41
314,116.89150431,40.65561215,0.13,0,0.73,13.60
315,117.23858374,40.46209136,0.11,1,0.61,13.50
316,116.79019829,40.31265931,0.08,1,0.36,16.24
317,116.81825297,40.13355478,0.14,1,0.44,14.25
318,116.72512255,39.85047561,0.06,1,0.67,14.46
319,116.85480203,40.40326867,0.08,0,0.70,13.62
320,116.94412113,40.54517537,0.05,1,0.34,13.23
321,116.84353527,40.06365697,0.10,0,0.37,4.37
322,116.82233373,40.07711869,0.07,1,0.41,29.94
323,116.91803784,40.38078825,0.08,1,0.72,15.52
324,115.46215144,40.58730434,0.13,1,0.44,14.96
325,115.75751283,40.71723850,0.10,1,0.64,4.56
326,116.91995968,40.36743838,0.14,1,0.68,13.45
327,116.19394190,40.41830726,0.10,1,0.58,32.96
328,116.66765751,39.96200879,0.11,1,0.41,14.04
329,116.85924719,40.04541522,0.12,1,0.35,4.63
330,116.86268628,40.01619312,0.14,1,0.50,14.89
331,116.60612440,39.98185665,0.09,0,0.53,13.92
332,116.58706806,40.64348881,0.09,1,0.48,12.50
333,116.73456855,40.13927761,0.12,1,0.43,15.36
334,116.24761421,40.12231912,0.02,1,0.67,15.19
335,116.86612204,40.45661308,0.12,0,0.43,15.38
336,116.64660464,39.79488032,0.06,0,0.56,17.15
337,117.00782143,40.55282030,0.12,1,0.41,4.62
338,116.89260869,40.07169449,0.09,1,0.65,15.06
339,116.70548845,39.96298581,0.07,1,0.48,13.99
340,116.66727603,39.90438630,0.07,1,0.76,34.00
341,116.78085789,40.06116573,0.11,1,0.57,17.41
342,116.77651295,40.57498313,0.16,1,0.74,14.35
343,116.73974954,40.04479589,0.10,1,0.70,4.42
344,115.50054108,40.94344641,0.12,0,0.59,4.71
345,116.91812977,40.26425402,0.14,0,0.53,14.16
346,116.80732014,40.02718095,0.10,0,0.78,4.37
347,116.84334019,40.14163301,0.04,1,0.57,14.69
348,117.07357274,40.25854474,0.07,0,1.00,15.44
349,116.80815255,39.77484703,0.15,0,0.71,33.46
350,117.08482255,40.34557281,0.10,1,0.70,15.76
351,116.56602560,40.34781796,0.02,1,0.48,31.74
352,116.22780429,40.07945339,0.12,1,0.43,15.87
353,116.68652581,39.93735521,0.11,1,0.52,15.91
354,116.93778837,40.35178116,0.15,0,0.58,14.82
355,117.10520185,40.33347389,0.12,1,0.44,13.92
356,116.99473774,40.38264469,0.10,0,0.38,14.04
357,117.26668106,40.51751979,0.06,1,0.52,14.71
358,117.29573817,40.56873504,0.07,1,0.53,15.66
359,117.28603370,40.48788491,0.07,1,0.45,4.15
360,117.19045495,40.42469270,0.11,1,0.52,4.35
361,116.75126017,39.79099989,0.10,1,0.61,31.63
362,116.44232194,40.17061650,0.07,1,0.29,15.90
363,116.61213738,39.94962777,0.09,1,0.40,15.04
364,116.36604940,40.01594047,0.12,1,0.71,14.06
365,116.45904745,40.07538130,0.13,1,0.61,15.39
366,116.89271267,40.07467670,0.04,1,0.60,30.46
367,116.39074406,40.03232679,0.10,1,0.37,15.80
368,116.48271522,39.97019401,0.13,0,0.41,16.02
369,116.85839600,40.11063056,0.07,1,0.31,26.12
370,116.37319575,39.92539508,0.10,1,0.46,16.04
371,116.46315369,39.79978964,0.10,1,0.72,13.82
372,116.54102824,39.97122508,0.06,1,0.61,4.39
373,116.58263374,40.12503050,0.10,1,0.51,14.46
374,116.49954022,40.62234549,0.08,1,0.50,15.43
375,116.71999286,39.98517862,0.12,1,0.79,16.32
376,116.66650852,39.91799075,0.10,1,0.58,15.22
377,116.61356650,39.79593970,0.13,1,0.40,28.42
378,116.70030383,40.11272335,0.08,1,0.65,13.90
379,116.71047374,39.91045438,0.12,0,0.64,12.62
380,116.58432415,40.04871797,0.11,0,0.54,16.13
381,116.72153909,40.16338395,0.09,1,0.65,32.37
382,116.80240309,40.08719345,0.10,1,0.66,4.63
383,116.70384711,39.94359129,0.14,1,0.47,15.30
384,116.86461321,40.20381978,0.11,1,0.56,14.08
385,116.56357991,40.25236038,0.07,1,0.38,16.47
386,116.93635902,40.18105407,0.08,1,0.53,14.88
387,116.95432298,39.73515391,0.05,0,0.52,13.98
388,116.85526588,40.23582944,0.11,1,0.56,14.52
389,116.92807355,40.31199070,0.12,1,0.44,16.04
390,116.67625864,40.05914831,0.09,1,0.67,4.34
391,116.78412207,40.30029101,0.08,0,0.64,30.50
392,116.92041261,39.58471730,0.11,1,0.58,14.76
393,116.74138230,40.27425508,0.07,1,0.55,32.44
394,116.92465117,40.35283986,0.13,1,0.58,17.27
395,116.81360063,40.16420482,0.06,1,0.70,15.09
396,115.64541099,39.98280192,0.11,1,0.43,15.30
397,116.90090705,40.27157979,0.03,1,0.54,14.92
398,116.82207948,39.97091674,0.07,1,0.46,15.60
399,117.10928556,40.53040700,0.10,1,0.44,14.74
400,116.64463056,40.19705572,0.15,1,0.50,15.38
401,116.76972170,40.23146821,0.15,1,0.68,16.71
402,116.85900173,40.34601638,0.08,0,0.31,3.94
403,116.86176044,40.32418294,0.11,1,0.51,15.72
404,116.87328860,40.32025960,0.12,1,0.75,15.55
405,116.84483163,40.36902718,0.13,1,0.67,15.62
406,116.80898792,40.28626646,0.12,1,0.65,4.79
407,116.78954304,40.30523516,0.06,0,0.73,4.46
408,117.02838598,40.42790527,0.10,0,0.37,29.38
409,117.08593026,40.40778426,0.14,1,0.38,16.87
410,116.85867880,40.32390472,0.08,1,0.65,14.53
411,116.96934183,40.42931801,0.16,1,0.44,4.29
412,116.90707220,40.29800325,0.10,1,0.39,15.63
413,116.90854374,40.36559899,0.03,1,0.30,16.43
414,116.95587343,40.34295908,0.16,1,0.49,4.63
415,116.97020656,40.38961993,0.14,1,0.56,14.78
416,116.45881548,39.86630285,0.11,1,0.55,14.46
417,117.26780914,40.51624450,0.11,1,0.45,29.03
418,116.77619508,40.28602682,0.09,1,0.44,4.60
419,116.77650271,39.90497663,0.12,1,0.70,17.20
420,117.03744580,40.48299985,0.11,1,0.81,15.36
421,116.79796245,40.17599144,0.11,1,0.53,13.77
422,117.07613326,40.41995312,0.11,1,0.84,15.22
423,116.72921573,40.61390654,0.04,1,0.46,16.01
424,116.66774034,40.62997615,0.12,1,0.38,14.71
425,117.04208651,40.45442301,0.11,0,0.48,33.01
426,116.63712496,40.54758995,0.12,1,0.67,4.62
427,116.86957040,40.30190816,0.07,1,0.60,4.18
428,117.19923565,40.42726642,0.06,1,0.67,4.64
429,117.14629380,40.45902232,0.08,1,0.62,4.09
430,117.19422448,40.55568752,0.07,1,0.43,15.13
431,116.71600264,40.62406989,0.08,1,0.39,4.69
432,116.89386670,40.08446803,0.08,0,0.47,16.02
433,117.15532495,40.50251366,0.10,0,0.49,14.76
434,117.07768266,40.50480985,0.11,1,0.69,15.95
435,116.87162872,40.34614796,0.08,1,0.57,14.11
436,116.74065751,40.53043130,0.05,1,0.46,4.16
437,117.16216870,40.50927732,0.12,1,0.75,15.91
438,116.85660184,40.35490254,0.11,1,0.62,4.57
439,117.22785493,40.47293551,0.09,1,0.44,14.99
440,116.87270728,39.86391051,0.06,1,0.66,12.50
441,117.21787264,40.37719829,0.09,1,0.65,15.18
442,116.15696903,40.58454229,0.14,1,0.49,15.65
443,116.31143099,40.17274210,0.14,1,0.37,14.83
444,117.35487658,40.68895123,0.08,1,0.44,4.60
445,116.76601212,39.85349287,0.11,1,0.63,14.09
446,116.93528243,40.34831219,0.08,1,0.84,16.09
447,117.12448518,40.37632259,0.12,1,0.53,4.59
448,117.15693816,40.47428490,0.13,1,0.58,4.98
449,116.78225211,40.60508814,0.05,1,0.48,14.65
450,117.32335960,40.65351875,0.08,1,0.25,14.41
451,116.90838584,40.26466737,0.15,1,0.64,15.59
452,117.40966092,40.53338732,0.10,1,0.43,15.48
453,117.39657356,40.60499149,0.11,1,0.58,15.31
454,117.21299034,40.36701839,0.13,1,0.78,14.99
455,117.46316124,40.80280117,0.03,1,0.61,3.57
456,117.20689020,40.45906557,0.05,0,0.76,32.79
457,117.00977450,40.45625709,0.09,1,0.36,4.54
458,116.80453916,40.57709877,0.13,1,0.53,16.50
459,117.06674937,40.48833500,0.11,1,0.46,15.82
460,117.11825202,40.35103921,0.10,0,0.66,15.44
461,117.04188555,40.24249740,0.08,0,0.79,13.85
462,117.08283039,40.45103474,0.12,0,0.40,14.57
463,117.02418695,40.22447101,0.09,1,0.77,30.57
464,117.43108732,40.71798950,0.12,1,0.41,15.23
465,116.71074814,40.58338447,0.11,1,0.54,15.42
466,116.64639112,39.97204150,0.09,0,0.37,4.38
467,117.00890128,40.46819554,0.12,1,0.63,17.85
468,117.37564044,40.61794209,0.14,1,0.27,16.10
469,117.27710211,40.67187816,0.08,1,0.60,16.57
470,117.25295681,40.48963516,0.05,1,0.60,15.96
471,116.98923819,40.17095417,0.11,1,0.56,29.96
472,116.95413044,40.21157361,0.06,1,0.42,14.82
473,116.78706914,40.00959127,0.11,1,0.34,16.08
474,116.81369871,39.87469148,0.12,1,0.39,13.86
475,117.29680890,40.66068856,0.17,1,0.50,14.47
476,117.24802243,40.63394312,0.13,1,0.55,15.46
477,117.23109472,40.70102859,0.08,1,0.74,4.49
478,115.56159511,40.78636917,0.15,1,0.60,16.95
479,116.78564683,40.53947731,0.14,0,0.43,16.72
480,117.30798292,40.63731232,0.11,0,0.74,14.75
481,117.37869869,40.65346017,0.13,1,0.72,12.64
482,116.71357730,40.63136581,0.14,1,0.38,31.04
483,116.83009710,40.28680766,0.09,0,0.56,13.74
484,116.65889008,39.88307900,0.07,1,0.43,14.27
485,116.77435172,40.57785873,0.09,1,0.56,16.79
486,116.76078102,39.97418561,0.15,1,0.49,15.85
487,117.13261317,40.14119948,0.07,1,0.43,14.51
488,116.63817025,39.84071737,0.14,1,0.33,14.46
489,116.94998004,39.96630715,0.09,1,0.58,16.46
490,117.04128882,40.17367139,0.13,1,0.51,15.68
491,116.65732752,39.90795842,0.13,1,0.58,15.10
492,116.87671749,40.05868883,0.06,1,0.64,16.34
493,116.85121638,40.09725964,0.08,0,0.66,16.29
494,117.04481282,40.25397169,0.08,1,0.57,17.07
495,116.72329024,40.05447007,0.06,1,0.55,14.72
496,116.99451040,40.21688027,0.09,1,0.38,4.16
497,116.68259629,40.06622447,0.11,1,0.51,15.28
498,116.75607353,40.54780657,0.07,1,0.19,14.87
499,116.71688760,40.01603483,0.13,1,0.61,14.44
500,116.95718339,40.52231543,0.09,1,0.67,4.63
501,116.95052302,40.12199881,0.12,1,0.51,4.41
502,116.81081720,40.34159846,0.04,0,0.50,15.16
503,116.90805772,40.17203550,0.10,1,0.50,15.70
504,116.68499853,39.99616266,0.09,0,0.55,15.30
505,117.05341336,40.48718565,0.08,1,0.59,14.29
506,116.74605941,40.14819111,0.13,1,0.44,32.14
507,116.82842680,40.07606938,0.11,1,0.62,14.39
508,116.77229068,40.14123951,0.10,0,0.57,15.01
509,117.02870446,40.20246798,0.08,1,0.80,15.10
510,117.03277419,40.17851684,0.06,1,0.35,14.85
511,116.96013324,40.14796177,0.11,1,0.48,15.06
512,117.10128813,40.17846674,0.08,1,0.43,14.56
513,116.94368939,40.04660953,0.11,1,0.59,14.68
514,117.11362815,40.13233735,0.11,0,0.80,4.62
515,116.91410563,39.63733462,0.15,0,0.61,14.88
516,117.10647182,40.65259438,0.12,1,0.55,4.92
517,117.08132133,40.31035990,0.07,0,0.48,13.01
518,116.98050347,40.26178739,0.09,1,0.63,14.75
519,117.08202435,40.14998153,0.10,1,0.63,4.75
520,116.75844386,40.14565123,0.08,1,0.74,27.92
521,116.85699819,40.06841887,0.13,1,0.51,14.71
522,117.06859580,40.19228014,0.09,1,0.56,4.63
523,116.94507186,40.04873712,0.11,1,0.59,13.03
524,117.10907843,40.36156776,0.11,1,0.48,4.75
525,117.07629894,40.28336186,0.09,1,0.31,14.32
526,117.07769724,40.14059779,0.07,1,0.42,14.11
527,117.03023753,40.12654012,0.10,1,0.35,16.11
528,116.86521183,40.13108352,0.09,1,0.68,17.79
529,117.05862110,40.15739385,0.08,1,0.08,14.49
530,117.05686114,40.19365501,0.08,1,0.71,31.19
531,117.06325523,40.16438000,0.14,0,0.73,4.37
532,117.06082311,40.16384679,0.12,1,0.50,4.25
533,116.81876360,40.07394436,0.05,1,0.67,15.19
534,116.91875463,40.19218289,0.13,1,0.37,4.62
535,116.96569129,40.23998224,0.12,1,0.51,14.44
536,117.01348547,40.61742155,0.09,1,0.60,4.25
537,115.93077695,39.97517929,0.15,1,0.65,4.76
538,117.03693500,40.28808097,0.11,1,0.42,15.52
539,116.97107536,40.28251571,0.09,0,0.63,4.22
540,117.03701875,40.14233682,0.10,0,0.52,4.64
541,116.99201780,40.15218628,0.08,1,0.53,4.54
542,117.09362161,40.26314211,0.11,1,0.69,16.18
543,116.82948679,40.12822131,0.15,1,0.52,14.71
544,116.80920726,40.14264108,0.08,1,0.59,13.51
545,116.95866233,40.18347695,0.15,1,0.54,16.06
546,117.04227194,40.25989673,0.11,1,0.50,16.79
547,117.07623242,40.13945509,0.03,1,0.63,15.50
548,116.94426615,40.53050665,0.07,1,0.55,14.92
549,116.95818558,40.22332040,0.15,1,0.33,15.33
550,117.03210991,40.13354381,0.13,1,0.39,14.54
551,116.85311407,40.06122126,0.09,0,0.37,15.46
552,117.20367147,40.30341429,0.06,1,0.60,4.74
553,116.98901867,40.34222321,0.10,1,0.46,14.52
554,117.04172141,40.07423836,0.07,0,0.74,16.90
555,117.05494340,40.20673451,0.08,1,0.50,15.69
556,117.07720444,40.22451354,0.12,1,0.69,26.20
557,117.10392887,40.05113061,0.11,1,0.39,4.75
558,117.08606553,40.21400735,0.11,0,0.75,15.66
559,116.96922239,40.11649120,0.06,1,0.46,16.84
560,117.03890059,40.17544548,0.09,0,0.57,14.72
561,117.13190142,40.14372013,0.09,1,0.68,4.73
562,117.07273161,40.17247056,0.13,1,0.42,15.19
563,117.13587252,40.31547974,0.09,1,0.54,15.02
564,117.07661870,40.18025341,0.08,1,0.67,14.06
565,116.13597134,40.40341005,0.04,1,0.65,14.45
566,116.71937378,40.32381236,0.13,0,0.53,28.47
567,117.05904201,40.08368442,0.11,1,0.65,4.40
568,117.35473407,40.51255421,0.06,1,0.67,26.24
569,117.15696080,40.20667645,0.07,1,0.79,17.38
570,117.08404234,40.27882930,0.10,1,0.62,14.16
571,117.25257579,40.46586653,0.11,1,0.53,15.62
572,116.95234945,40.16801786,0.10,1,0.66,15.93
573,117.04837335,40.14152460,0.11,0,0.84,15.86
574,117.10818136,40.21288978,0.12,1,0.74,15.23
575,117.28508693,40.45723979,0.10,1,0.54,31.59
576,117.19464156,40.34428354,0.12,1,0.15,15.60
577,116.96437655,40.18081018,0.12,1,0.59,15.35
578,116.96469122,40.13683493,0.07,1,0.63,14.33
579,117.00843239,40.16665067,0.11,1,0.61,14.80
580,117.16601389,40.23190485,0.14,0,0.37,15.59
581,116.98481521,40.03399682,0.10,1,0.50,15.10
582,117.01299020,40.21388904,0.16,1,0.42,15.11
583,117.10223605,40.24220392,0.10,0,0.74,16.48
584,116.77012714,40.60965602,0.12,0,0.46,13.75
585,116.88854297,40.22267737,0.13,1,0.26,14.60
586,117.06857630,40.21398990,0.05,1,0.65,4.42
587,116.97290108,40.15005138,0.06,1,0.41,14.26
588,117.06669862,40.15328309,0.05,1,0.58,14.26
589,116.80062104,40.42177491,0.07,1,0.57,14.77
590,117.02015402,40.16581251,0.08,1,0.63,15.07
591,117.19381000,40.30213280,0.14,1,0.55,30.18
592,117.12247670,40.15972746,0.09,1,0.67,13.87
593,117.05270788,40.17777313,0.10,1,0.56,4.69
594,116.96652812,40.21676145,0.08,1,0.58,15.95
595,116.92424455,40.13262200,0.20,1,0.60,13.62
596,117.03545740,40.13515012,0.09,0,0.47,15.56
597,117.06418304,40.17097068,0.12,1,0.45,15.29
598,117.15156639,40.15835322,0.11,1,0.58,14.33
599,117.05458272,40.17143529,0.11,1,0.67,4.81
600,117.03591106,40.10332929,0.17,1,0.48,30.81
601,117.05128526,40.20643449,0.10,1,0.56,14.65
602,117.18726898,40.11193573,0.10,0,0.57,4.53
603,117.04045277,40.15555076,0.12,1,0.56,14.96
604,117.02326336,40.13700491,0.16,1,0.58,17.30
605,117.05646225,40.16588811,0.10,1,0.41,14.72
606,117.02029532,40.10033278,0.13,0,0.82,13.68
607,116.95061512,40.15690571,0.16,1,0.53,15.28
608,117.13023467,40.21873521,0.10,0,0.52,30.09
609,116.98935089,40.49194554,0.13,1,0.31,4.16
610,117.06504856,40.13903760,0.05,0,0.68,12.17
611,117.13045301,40.15990204,0.09,1,0.65,14.77
612,117.06584789,40.15119319,0.08,1,0.53,15.66
613,117.06775371,40.14917333,0.09,1,0.34,15.85
614,116.04339485,40.99134766,0.09,1,0.42,4.56
615,117.05913875,40.15205941,0.08,1,0.25,15.09
616,117.39328233,40.58194587,0.09,1,0.42,16.19
617,116.54118167,39.98876616,0.15,1,0.53,15.67
618,117.06636748,40.69161983,0.11,1,0.54,4.39
619,117.09061818,40.54885413,0.09,0,0.60,15.00
620,116.34580737,40.48870297,0.09,0,0.43,13.64
621,116.98524327,39.87434742,0.15,1,0.54,13.79
622,116.96842325,40.18401392,0.06,1,0.43,4.52
623,116.78839917,40.64989910,0.07,1,0.42,14.05
624,117.40979786,40.66526881,0.12,1,0.60,4.31
625,115.47860443,40.75938303,0.03,1,0.68,14.32
626,116.87425368,40.59310813,0.10,0,0.44,14.95
627,117.17653475,40.65637723,0.06,0,0.47,15.08
628,117.05522728,40.12083589,0.11,1,0.49,15.45
629,116.94163072,40.15582897,0.08,1,0.47,4.60
630,116.07998925,40.40912949,0.08,1,0.49,13.72
631,117.10465635,40.45489260,0.09,0,0.66,31.74
632,116.73377805,40.08757750,0.07,0,0.48,13.51
633,116.74024823,40.52876838,0.08,1,0.80,30.52
634,117.13283707,40.49010199,0.08,1,0.58,14.11
635,117.03734005,40.48568047,0.18,0,0.57,31.66
636,117.40416654,40.75922573,0.09,1,0.63,4.90
637,117.10067104,39.53647664,0.05,0,0.71,4.35
638,116.64227665,40.13846130,0.02,1,0.52,15.07
639,116.84083896,40.04145485,0.11,1,0.64,14.34
640,117.16301624,40.61067807,0.10,1,0.66,14.78
641,116.56927436,40.80109315,0.10,0,0.64,15.79
642,116.75988872,39.97703509,0.09,1,0.39,15.48
643,117.05425222,40.18812010,0.10,1,0.58,4.49
644,116.77408532,40.50246829,0.07,1,0.50,30.86
645,116.50061168,40.78751848,0.12,0,0.64,4.51
646,116.36532585,39.92186990,0.14,1,0.68,16.42
647,117.33087044,40.56560618,0.13,0,0.68,4.51
648,116.86941615,40.64165691,0.15,1,0.65,29.05
649,116.83249783,39.83759249,0.11,0,0.70,25.45
650,117.12440317,40.25128284,0.08,1,0.32,14.90
651,116.90034439,40.64622577,0.10,0,0.82,15.99
652,115.48921929,40.96279879,0.11,1,0.53,14.43
653,116.79873992,40.55463914,0.10,1,0.62,15.68
654,117.41534745,40.78728867,0.07,1,0.43,13.30
655,116.80400950,40.60577834,0.11,0,0.34,15.84
656,117.07470092,40.60216719,0.11,0,0.35,15.84
657,116.99921484,40.53937481,0.06,1,0.75,16.30
658,116.36053456,40.29252591,0.11,1,0.80,15.39
659,116.42097076,40.19960496,0.11,1,0.59,13.64
660,116.45196618,40.33123014,0.11,1,0.59,4.64
661,117.06640549,40.66977076,0.12,1,0.43,14.36
662,117.06202675,40.23913371,0.17,1,0.67,15.05
663,117.25981757,40.66852571,0.08,1,0.81,14.61
664,116.51895758,40.67821912,0.16,1,0.53,14.87
665,116.93225311,39.71772195,0.11,1,0.55,14.36
666,116.84557109,40.70293260,0.12,1,0.59,14.04
667,117.09884113,40.63763444,0.18,1,0.76,13.30
668,117.10060107,40.54556881,0.15,1,0.58,4.44
669,116.95580756,39.68568707,0.07,1,0.37,13.99
670,116.81171189,40.56498035,0.11,1,0.62,15.24
671,117.03228031,40.62188154,0.11,1,0.75,29.27
672,116.98879702,40.51248026,0.09,1,0.41,14.91
673,116.91293711,39.66629692,0.14,0,0.40,4.24
674,116.63568359,40.52391802,0.10,1,0.52,15.58
675,116.78250425,40.70308699,0.14,1,0.68,28.97
676,116.55315086,40.75550690,0.07,1,0.60,15.40
677,116.86995785,40.20258695,0.10,1,0.48,13.81
678,116.74831762,40.52460140,0.15,1,0.51,29.46
679,116.15047022,40.72955103,0.11,1,0.44,30.64
680,116.86598332,40.62226493,0.09,1,0.36,29.88
681,117.01406018,40.47891798,0.12,0,0.68,15.92
682,116.88413849,40.51763472,0.11,0,0.46,14.76
683,117.05449396,40.62380439,0.14,1,0.44,14.28
684,116.88704213,40.60729785,0.07,1,0.46,14.71
685,116.86161472,40.47524606,0.13,1,0.41,4.59
686,117.13027779,40.56276614,0.09,1,0.32,15.60
687,116.56887404,40.41204126,0.11,1,0.58,14.37
688,116.85017650,40.49892496,0.09,1,0.51,14.11
689,117.13789348,40.53484090,0.14,1,0.41,14.02
690,116.93924826,40.92863120,0.10,1,0.69,14.70
691,116.98152324,40.50484040,0.14,1,0.48,30.13
692,117.05450423,40.52583511,0.12,1,0.41,16.36
693,117.26650436,40.53651340,0.13,1,0.46,4.37
694,116.95990773,40.39846683,0.13,1,0.80,16.43
695,117.21132598,40.52166195,0.09,0,0.42,4.36
696,117.25857165,40.58254637,0.07,1,0.58,15.07
697,117.32478004,40.59367395,0.11,1,0.56,13.28
698,117.01381127,39.71547312,0.12,1,0.52,15.50
699,116.44525962,40.40403191,0.09,1,0.56,15.02
700,116.96438198,40.54482122,0.09,1,0.45,15.35
701,116.85154071,40.57503038,0.15,1,0.83,13.69
702,117.33098035,40.60274266,0.13,1,0.70,25.63
703,117.00980944,39.69539635,0.07,1,0.75,15.90
704,117.14494910,40.41921769,0.11,1,0.78,14.93
705,116.98502091,40.09777691,0.10,1,0.60,14.65
706,117.28208091,40.39440276,0.07,1,0.48,14.60
707,117.24564600,40.51397943,0.14,1,0.55,4.55
708,117.28689510,40.36196153,0.09,1,0.78,14.99
709,117.28383274,40.47166518,0.13,1,0.72,14.58
710,117.27806592,40.52210014,0.07,1,0.61,14.00
711,116.57035066,40.11390717,0.12,1,0.37,14.73
712,116.98642958,40.48826560,0.10,0,0.57,4.38
713,116.68877445,40.34392490,0.11,1,0.86,16.40
714,117.11338113,40.09742660,0.10,1,0.52,13.53
715,117.33393548,40.74482201,0.05,1,0.51,15.02
716,116.59401011,39.92485377,0.07,0,0.32,15.36
717,116.79206829,40.61484743,0.14,1,0.55,14.52
718,116.98636959,40.15778876,0.08,0,0.55,13.96
719,116.80463773,40.51038776,0.12,0,0.68,27.66
720,116.71078297,40.61208825,0.14,1,0.47,14.23
721,116.77748568,40.59106993,0.13,1,0.45,14.31
722,116.77695871,40.59795344,0.09,1,0.62,13.47
723,116.95920564,40.59571227,0.09,1,0.49,4.75
724,116.65332447,40.77537594,0.13,1,0.41,4.59
725,116.94885334,40.54961467,0.08,1,0.43,4.64
726,116.80990808,40.52784783,0.11,1,0.35,16.01
727,116.79092621,40.66171490,0.09,1,0.58,15.31
728,116.93483870,40.43354192,0.10,1,0.71,13.88
729,115.53755274,40.31673049,0.10,0,0.64,14.28
730,116.91508285,40.52561248,0.16,1,0.52,30.19
731,116.81154963,40.36466927,0.09,1,0.61,4.42
732,116.79174133,40.45645169,0.06,1,0.43,14.44
733,116.76798322,40.63441608,0.14,1,0.43,4.19
734,116.81324699,40.82165281,0.12,0,0.46,4.45
735,116.79546606,40.57713317,0.11,1,0.61,15.08
736,116.65962291,40.34427002,0.04,1,0.46,4.51
737,117.07836404,40.44871965,0.08,1,0.56,14.03
738,116.72611357,40.64666957,0.12,1,0.43,4.38
739,116.69891716,40.61989538,0.06,1,0.61,15.96
740,117.17082714,40.30520585,0.10,1,0.68,15.04
741,115.54454744,40.55548307,0.11,1,0.34,15.80
742,116.65795612,40.16980149,0.10,1,0.47,4.47
743,116.46764993,40.17636106,0.06,1,0.71,15.75
744,115.53555741,40.60885732,0.12,1,0.63,31.64
745,117.15715169,40.47107319,0.18,1,0.53,30.43
746,117.19626156,40.33400211,0.11,1,0.47,14.76
747,117.19592357,40.35179598,0.12,1,0.62,15.33
748,117.12520743,40.42903469,0.11,1,0.76,14.77
749,117.22087252,40.29846006,0.08,1,0.63,13.68
750,116.99442473,39.69786114,0.12,1,0.73,15.06
751,116.76544625,40.55315823,0.07,0,0.58,12.99
752,115.70712013,40.66593435,0.10,0,0.45,13.98
753,117.18599084,40.48559155,0.11,1,0.52,15.07
754,117.20347768,40.30022367,0.10,1,0.46,33.12
755,116.84753411,40.36713967,0.06,1,0.36,14.79
756,117.10182076,40.28597132,0.14,1,0.45,13.95
757,117.24217776,40.27090048,0.13,1,0.76,14.57
758,117.12549927,40.64788408,0.10,1,0.37,15.34
759,116.57860308,39.80382118,0.09,1,0.64,14.11
760,116.36045526,40.93955386,0.09,1,0.53,12.79
761,116.56496027,40.10328354,0.10,1,0.24,31.05
762,116.97764211,40.12862097,0.09,1,0.56,15.76
763,116.58698659,40.40956399,0.16,1,0.58,14.21
764,115.61512951,40.34980325,0.06,1,0.83,14.51
765,116.82758779,40.59055296,0.07,1,0.40,14.77
766,115.87827693,39.99514299,0.15,1,0.82,14.88
767,116.42124383,40.24515490,0.09,1,0.70,14.90
768,116.67029878,40.16151749,0.11,1,0.64,15.59
769,117.03893924,40.17873746,0.06,1,0.57,15.08
770,116.52967415,40.42758783,0.08,1,0.60,15.91
771,116.65118114,40.09134585,0.10,1,0.67,16.07
772,116.71495433,40.36787221,0.09,1,0.52,32.99
773,116.33992638,40.31062793,0.10,1,0.37,15.79
774,116.78033296,40.18361359,0.06,0,0.35,4.26
775,116.98931495,40.12116155,0.04,1,0.66,13.50
776,116.79892629,40.26636683,0.10,1,0.56,4.72
777,116.43344720,39.99143408,0.12,1,0.71,30.91
778,116.88689033,40.06269877,0.09,1,0.34,14.18
779,116.98541972,40.61745687,0.08,1,0.63,15.38
780,115.60601260,40.04325392,0.09,1,0.53,15.84
781,116.73436825,40.09146576,0.15,1,0.55,14.60
782,116.60473977,40.66772507,0.12,1,0.36,17.44
783,116.99870023,40.11598990,0.10,1,0.61,13.99
784,116.77879607,40.57617542,0.08,1,0.42,16.33
785,116.87067015,40.30314800,0.13,1,0.39,14.11
786,116.93186568,40.32347652,0.08,1,0.72,31.21
787,117.03318709,40.30456108,0.12,1,0.67,13.99
788,117.04563186,40.09391838,0.13,0,0.48,13.39
789,116.99068593,40.46133364,0.09,1,0.63,4.35
790,115.78639464,40.87076150,0.08,1,0.65,14.53
791,117.09144212,40.09607771,0.01,1,0.37,15.92
792,116.88953739,40.49173911,0.15,1,0.61,15.32
793,116.78210977,40.22829343,0.10,0,0.64,15.05
794,116.87440934,40.58215130,0.10,1,0.66,29.96
795,117.04527426,40.38510119,0.07,0,0.39,14.90
796,117.07498638,40.29386149,0.06,1,0.62,13.63
797,117.12582846,40.15971306,0.12,1,0.76,15.69
798,116.94397432,40.20339788,0.14,1,0.82,4.60
799,117.04906998,40.25579256,0.11,1,0.59,4.29
800,117.05102864,40.18480947,0.08,1,0.53,4.16
801,117.01182116,40.22350434,0.10,1,0.68,4.26
802,117.11204295,40.18918078,0.10,1,0.65,4.59
803,117.00080422,40.16856290,0.07,0,0.58,16.26
804,116.63823704,40.32594348,0.13,1,0.75,14.50
805,116.80000218,40.55417822,0.06,1,0.72,15.68
806,116.98144810,40.17650389,0.12,1,0.38,17.18
807,117.25314998,40.52843781,0.09,1,0.20,14.81
808,116.96987127,40.21375178,0.09,1,0.68,14.70
809,116.84319710,40.32447983,0.12,1,0.52,4.81
810,117.03803850,40.18355228,0.10,0,0.52,15.29
811,116.96426638,40.14355883,0.07,1,0.70,14.90
812,117.06894500,40.32415604,0.02,1,0.57,14.97
813,117.12326571,40.20221037,0.10,1,0.53,4.50
814,117.02205678,40.18256740,0.13,1,0.51,15.53
815,116.93570037,40.29731630,0.11,0,0.70,4.16
816,117.14775028,40.12212926,0.10,1,0.65,28.61
817,117.04743002,40.15205885,0.12,1,0.45,31.66
818,116.98924736,40.11946334,0.14,1,0.60,15.33
819,117.21064964,40.34987763,0.14,0,0.60,32.13
820,117.11677898,40.13867775,0.17,1,0.63,13.79
821,117.09495130,40.19512469,0.18,1,0.66,4.53
822,116.84678394,40.79604770,0.11,1,0.59,4.39
823,116.86900628,40.35387398,0.12,1,0.76,13.72
824,117.05341798,40.16566730,0.07,1,0.36,15.18
825,116.95628362,40.08536462,0.09,0,0.65,14.61
826,117.08266046,40.24778572,0.06,1,0.38,15.07
827,117.11744342,40.14611478,0.06,1,0.60,14.92
828,117.04453890,40.22112970,0.10,1,0.48,15.76
829,117.04158961,40.12384309,0.10,0,0.43,15.39
830,116.75762698,40.32049897,0.11,1,0.60,4.24
831,117.03659066,40.19259360,0.06,1,0.75,29.98
832,116.90342583,40.15049163,0.11,0,0.37,17.36
833,117.08256484,40.21754931,0.11,1,0.51,4.67
834,116.68838426,40.17427829,0.11,1,0.62,15.95
835,117.03796850,40.12364519,0.09,1,0.71,13.58
836,116.92075076,39.75523536,0.09,1,0.62,15.31
837,116.97172886,40.64146897,0.09,1,0.64,29.97
838,116.91468790,40.33824453,0.06,1,0.43,15.82
839,117.05992084,40.08643401,0.12,1,0.63,26.16
840,116.97090575,40.22678928,0.12,0,0.38,16.00
841,117.05828888,40.48533713,0.08,1,0.30,14.77
842,116.98101302,40.19488819,0.14,1,0.49,16.20
843,116.98164883,40.21709505,0.07,1,0.51,14.63
844,117.15574622,40.28690775,0.12,1,0.82,25.49
845,117.09184864,40.19083508,0.10,1,0.72,4.46
846,117.08651240,40.12244337,0.14,1,0.52,4.45
847,117.03504936,40.15453568,0.06,1,0.47,15.72
848,117.07694010,40.23555732,0.07,0,0.44,17.21
849,116.95267720,40.10550456,0.13,1,0.46,15.19
850,117.05060740,40.35513616,0.11,0,0.66,13.18
851,117.04265979,40.11283552,0.10,1,0.48,16.02
852,117.07485848,40.15610448,0.04,1,0.32,15.42
853,117.19306453,40.23530852,0.03,1,0.48,12.48
854,117.17401925,40.41432255,0.12,1,0.65,4.15
855,115.49246631,40.63590572,0.07,1,0.45,14.17
856,117.18710932,40.39658272,0.11,1,0.28,15.17
857,117.04116004,40.12641660,0.09,1,0.53,14.12
858,117.05264735,40.55186642,0.09,1,0.45,14.22
859,117.05471370,40.10561761,0.08,1,0.56,15.16
860,116.97141852,40.16805525,0.11,1,0.70,13.58
861,117.18984645,40.47363364,0.08,1,0.53,14.48
862,117.03511990,40.19215783,0.01,1,0.59,4.60
863,117.18104836,40.44689210,0.12,1,0.55,14.18
864,117.03143591,40.16792103,0.11,1,0.74,15.57
865,117.02421467,40.17330090,0.10,1,0.63,16.25
866,117.12641368,40.15627613,0.11,1,0.53,14.69
867,117.14666661,40.15577346,0.12,1,0.34,14.30
868,117.04471693,40.14437559,0.10,1,0.44,15.85
869,116.86377774,40.09433890,0.13,1,0.79,15.88
870,117.01976471,40.12503488,0.09,1,0.48,15.15
871,117.23077467,40.48914038,0.11,1,0.49,15.51
872,117.06745096,40.35541599,0.11,1,0.56,30.24
873,117.17212185,40.38626065,0.13,1,0.52,4.49
874,117.20611940,40.39191187,0.17,1,0.52,14.99
875,117.15445835,40.00797775,0.12,1,0.54,14.79
876,117.11229992,40.13744078,0.11,0,0.42,16.03
877,116.81404115,40.62092759,0.10,1,0.68,4.86
878,117.00392806,40.10493805,0.06,1,0.55,14.64
879,117.23088813,40.26360197,0.14,1,0.52,15.04
880,117.09768872,40.15922528,0.11,1,0.43,29.31
881,117.09265875,40.27690884,0.08,1,0.47,14.06
882,117.17967606,40.32405396,0.10,1,0.69,14.43
883,117.25755241,40.54176680,0.09,1,0.68,4.28
884,116.87202571,40.07295185,0.10,1,0.76,30.29
885,116.71813519,40.22046214,0.09,1,0.53,24.98
886,117.28809304,40.65163901,0.06,0,0.46,4.46
887,117.25890677,40.38911048,0.06,1,0.61,16.08
888,117.18585916,40.42091510,0.07,1,0.38,4.45
889,116.78210896,40.14436950,0.10,0,0.50,14.76
890,116.79395990,40.63123496,0.06,0,0.60,15.51
891,117.25505808,40.41896042,0.08,0,0.60,13.34
892,115.76115952,39.98310387,0.08,1,0.48,30.38
893,116.80012138,40.56942664,0.07,1,0.66,16.46
894,116.79467664,40.59136130,0.09,1,0.47,30.21
895,116.98758353,40.24575463,0.13,0,0.49,14.14
896,117.21012573,40.51203770,0.13,1,0.56,15.72
897,115.66197602,40.89041201,0.12,0,0.65,14.65
898,115.65848825,40.01749557,0.10,0,0.44,14.65
899,117.05045508,40.51778004,0.15,1,0.82,16.84
900,115.83238289,39.96619216,0.09,0,0.62,14.33
901,115.62134259,40.02425849,0.05,1,0.43,14.52
902,117.02734195,40.08332554,0.14,1,0.62,16.06
903,116.83234728,40.92873616,0.06,1,0.63,13.38
904,116.94244625,40.50793154,0.10,0,0.51,16.54
905,116.97786609,40.52145567,0.12,1,0.47,15.05
906,117.03727728,40.16629272,0.11,1,0.55,15.91
907,115.85822398,40.06272888,0.07,1,0.63,14.07
908,117.07197422,40.18021886,0.05,0,0.49,12.97
909,116.76252737,40.88588170,0.13,1,0.43,4.34
910,117.19036730,40.60715564,0.11,1,0.65,14.42
911,116.15947920,40.53926286,0.11,1,0.60,4.34
912,116.91396164,40.61274751,0.07,1,0.38,13.18
913,115.69466913,40.07795790,0.12,1,0.52,14.94
914,117.06956316,40.50755352,0.08,0,0.52,16.48
915,116.93793123,40.29441596,0.10,1,0.61,13.77
916,116.03651336,40.10442072,0.07,1,0.47,4.41
917,116.09681138,40.08365820,0.10,1,0.69,13.60
918,116.38643710,40.11918959,0.06,1,0.62,13.66
919,115.69140361,39.99907714,0.12,1,0.37,16.06
920,115.68973963,39.99261360,0.07,1,0.45,14.60
921,116.78194044,40.66804000,0.10,1,0.60,13.89
922,116.40934215,40.44788611,0.06,0,0.48,16.73
923,116.95422761,40.49564733,0.14,1,0.54,4.70
924,116.40470687,40.37302563,0.04,1,0.58,14.12
925,116.67092771,39.99253593,0.10,1,0.58,14.57
926,116.19774953,40.47934218,0.15,1,0.62,13.65
927,116.80836904,40.60751884,0.09,1,0.47,15.31
928,116.20835274,40.45056809,0.06,0,0.61,29.49
929,116.35144215,40.31883833,0.14,1,0.75,15.03
930,115.75026003,40.02667809,0.10,1,0.74,13.51
931,116.53712074,40.39238901,0.15,1,0.95,4.45
932,115.52730934,40.64956805,0.09,1,0.44,18.19
933,117.22522292,40.47669846,0.06,0,0.45,15.07
934,116.55932029,40.53461341,0.10,1,0.77,14.66
935,116.59792307,40.55027557,0.06,0,0.46,13.31
936,117.33662615,40.64905905,0.09,1,0.47,14.82
937,116.39728981,40.12902274,0.07,1,0.38,16.07
938,116.54426562,40.48419334,0.09,0,0.64,15.10
939,116.43369212,40.16437477,0.09,0,0.48,4.65
940,116.75963004,40.36740598,0.07,1,0.54,4.27
941,116.81788765,40.57221945,0.10,1,0.54,15.17
942,116.60961017,40.66979061,0.02,1,0.48,14.36
943,116.70161541,40.33181115,0.13,1,0.20,13.19
944,116.72075517,40.52230039,0.14,1,0.67,15.21
945,116.80999227,40.43082243,0.11,1,0.36,14.90
946,116.80243010,40.64984515,0.09,0,0.64,4.47
947,116.52535172,40.81605042,0.09,1,0.54,4.63
948,116.70635590,40.54623747,0.09,0,0.25,4.42
949,116.70557897,40.64978313,0.09,1,0.52,15.21
950,116.78062051,40.63013024,0.09,1,0.73,4.14
951,116.45241261,40.70074029,0.04,1,0.33,15.97
952,116.77229138,40.35321637,0.08,1,0.46,16.39
953,116.72479672,40.61578163,0.16,1,0.61,14.77
954,116.74992685,40.49875955,0.03,1,0.48,15.72
955,116.74872923,40.64345762,0.10,0,0.59,4.68
956,116.85890684,40.65517769,0.04,1,0.56,15.20
957,116.51283489,40.84392604,0.13,1,0.49,4.46
958,116.75177170,40.63413094,0.08,1,0.65,16.67
959,116.74284828,40.59505375,0.10,1,0.46,12.88
960,117.01158077,40.49786591,0.09,1,0.66,15.12
961,116.71603390,40.57075542,0.11,1,0.47,14.27
962,116.79713674,40.54208897,0.10,1,0.65,14.42
963,116.57632739,40.69293803,0.04,0,0.50,15.12
964,116.78922247,40.53240160,0.12,1,0.50,4.83
965,116.87227268,40.61365513,0.09,1,0.60,15.86
966,116.65968995,40.74174117,0.10,1,0.80,15.99
967,116.78425838,40.51659209,0.13,1,0.80,15.98
968,116.75715124,40.54280054,0.09,1,0.69,30.49
969,116.70125406,40.59423709,0.05,0,0.54,15.35
970,117.08078473,40.68867923,0.10,1,0.67,14.82
971,116.63310388,40.83366709,0.10,0,0.46,14.57
972,116.58194330,40.83416954,0.11,1,0.48,17.25
973,116.64523436,40.63983461,0.11,0,0.73,15.60
974,116.79599945,40.60131628,0.11,1,0.55,15.38
975,116.83103573,40.55037101,0.08,0,0.73,29.76
976,117.11224152,40.53842848,0.08,1,0.70,13.82
977,117.17624304,40.46849398,0.09,0,0.58,15.72
978,116.85497000,40.66491421,0.13,1,0.74,4.13
979,116.49015013,40.83858292,0.09,0,0.52,4.65
980,116.65414304,40.85418776,0.07,0,0.64,15.30
981,116.50199698,40.84781298,0.12,0,0.67,14.48
982,116.94735306,40.65417191,0.12,1,0.49,29.18
983,116.64590200,40.24774173,0.13,1,0.64,15.17
984,116.71642795,40.52251295,0.10,1,0.60,16.22
985,116.50994625,40.81764024,0.11,1,0.80,15.09
986,116.72422842,40.61259360,0.14,1,0.65,4.34
987,116.77418623,40.70958372,0.09,1,0.60,4.78
988,116.64232133,40.68778204,0.10,1,0.28,4.28
989,116.69410245,40.54315513,0.08,1,0.51,14.26
990,116.84131431,40.57741053,0.08,0,0.73,14.13
991,116.86980348,40.36118365,0.07,0,0.57,4.20
992,116.76665546,40.82656736,0.03,1,0.47,14.81
993,116.89208796,40.58041597,0.09,0,0.29,30.89
994,116.89575746,40.36943775,0.18,0,0.86,15.33
995,116.55699421,40.81076555,0.11,1,0.54,15.57
996,116.74086377,40.76537465,0.13,1,0.60,4.30
997,116.75994141,40.65993770,0.12,0,0.52,4.15
998,116.88316883,40.68314672,0.10,1,0.56,13.29
999,116.82259742,40.36601177,0.11,1,0.59,15.86
1000,116.93401124,40.65299584,0.12,1,0.49,12.32
1001,116.74250375,40.68945328,0.07,1,0.63,15.74
1002,116.75714097,40.40075740,0.12,1,0.46,13.17
1003,116.68282504,40.59241370,0.11,1,0.39,17.24
1004,116.71823843,40.64196872,0.07,1,0.54,4.57
1005,116.86854748,40.56663802,0.07,0,0.63,4.73
1006,117.06688910,40.50724933,0.11,0,0.64,4.38
1007,117.05316205,40.44886982,0.15,1,0.56,14.82
1008,116.88011371,40.31432102,0.07,1,0.57,15.89
1009,116.54570669,40.64778693,0.11,1,0.51,12.42
1010,117.03453423,40.49593424,0.17,0,0.50,4.53
1011,116.60289160,40.78864914,0.05,1,0.43,16.38
1012,116.87061852,40.69684654,0.13,1,0.44,14.73
1013,115.63243313,40.04453373,0.03,1,0.57,14.76
1014,116.88913640,40.56516306,0.15,0,0.58,13.54
1015,117.07701089,40.44000255,0.06,1,0.59,15.20
1016,117.19425003,40.49673295,0.08,1,0.66,14.44
1017,117.09762261,40.42511916,0.06,1,0.50,14.03
1018,115.43971994,40.58570726,0.13,0,0.46,13.93
1019,115.48366987,40.61542234,0.07,0,0.39,16.24
1020,116.73691656,40.15265266,0.08,1,0.57,15.64
1021,117.15686885,40.43551254,0.14,0,0.53,15.08
1022,117.11109974,40.53391547,0.11,1,0.54,15.47
1023,116.68184135,40.82069624,0.15,1,0.52,14.55
1024,117.03710997,40.56598005,0.12,1,0.88,16.72
1025,117.06512920,40.53345942,0.13,1,0.60,16.26
1026,116.43052133,40.19378246,0.12,1,0.48,15.61
1027,116.83564568,40.25210403,0.07,0,0.43,15.38
1028,116.54799015,40.57248867,0.08,1,0.33,4.07
1029,117.15099125,40.39529535,0.11,0,0.58,15.16
1030,117.20253617,40.60686506,0.11,1,0.42,16.59
1031,117.18707241,40.44346037,0.09,1,0.42,4.42
1032,117.28436930,40.43674508,0.04,1,0.59,17.25
1033,116.78409872,40.36652570,0.07,1,0.49,4.54
1034,117.13925640,40.44353786,0.06,1,0.58,32.07
1035,116.44845551,40.21468981,0.09,0,0.52,30.17
1036,117.24349874,40.35864249,0.09,0,0.53,14.26
1037,117.27076834,40.45191074,0.08,1,0.42,15.02
1038,116.51201894,40.21774927,0.11,1,0.65,15.96
1039,117.01380602,40.53342588,0.07,1,0.79,4.52
1040,116.77723293,40.58533642,0.09,1,0.42,30.01
1041,117.15156760,40.47414182,0.11,1,0.42,14.74
1042,117.25933231,40.45101362,0.12,1,0.51,14.61
1043,117.07096281,40.49780205,0.08,1,0.71,27.21
1044,117.24238894,40.53163837,0.10,1,0.56,4.74
1045,117.15134393,40.58869977,0.14,1,0.37,15.88
1046,117.04159363,40.51028175,0.10,1,0.55,4.46
1047,117.24159017,40.70170629,0.09,1,0.79,14.12
1048,116.41941784,40.15041357,0.09,1,0.33,15.04
1049,115.83479561,40.47451139,0.17,0,0.77,14.90
1050,116.43397412,40.16522297,0.04,1,0.51,17.03
1051,116.41854933,40.29548521,0.11,1,0.62,4.21
1052,117.18142797,40.40008412,0.12,0,0.58,13.71
1053,117.12405823,40.50151127,0.09,1,0.66,4.51
1054,117.26515464,40.44595794,0.13,1,0.80,4.24
1055,117.17926126,40.64697948,0.16,1,0.51,33.12
1056,117.15051903,40.66769393,0.07,0,0.50,16.69
1057,116.74121278,40.33832426,0.14,1,0.40,33.01
1058,117.39046031,40.78763813,0.08,1,0.79,13.65
1059,116.42381230,40.31894091,0.08,1,0.39,15.16
1060,115.49515396,40.29116700,0.16,1,0.48,13.67
1061,117.14189876,40.61223204,0.06,1,0.39,13.92
1062,117.21594588,40.47288037,0.09,1,0.38,15.93
1063,117.21493636,40.47403832,0.03,0,0.54,17.28
1064,117.33627650,40.55081935,0.09,1,0.44,14.16
1065,116.39231613,40.25710932,0.05,1,0.53,4.65
1066,117.15695023,40.39214156,0.11,1,0.60,13.66
1067,117.39604812,40.69355723,0.07,1,0.71,4.71
1068,117.26892754,40.55922967,0.13,1,0.66,29.60
1069,116.36408031,40.28080051,0.07,0,0.36,15.18
1070,116.58694065,40.21694226,0.09,1,0.33,17.03
1071,117.28588791,40.53605189,0.06,0,0.51,14.01
1072,117.36615160,40.55927554,0.12,1,0.64,4.79
1073,117.25092825,40.56408251,0.08,1,0.59,14.03
1074,117.13720014,40.51089869,0.04,1,0.47,16.08
1075,117.24840331,40.64048146,0.06,1,0.60,17.26
1076,117.26458208,40.48743135,0.08,1,0.61,16.04
1077,117.21159358,40.51699368,0.11,0,0.43,14.67
1078,116.43704754,40.16980422,0.10,0,0.79,30.70
1079,117.30891067,40.60773387,0.08,0,0.66,16.23
1080,117.33465139,40.62820093,0.09,1,0.29,4.27
1081,117.38855029,40.56461298,0.05,1,0.80,12.78
1082,117.26220388,40.76536932,0.10,1,0.51,14.46
1083,116.81722449,40.20641711,0.10,1,0.44,4.19
1084,117.23637398,40.73755922,0.18,1,0.52,15.83
1085,116.34928375,40.28414791,0.15,0,0.42,15.94
1086,116.71228469,40.27552975,0.15,1,0.59,15.94
1087,116.74015081,40.09193708,0.10,1,0.41,27.88
1088,117.40030290,40.57855492,0.12,1,0.66,15.16
1089,117.13254596,40.54113119,0.08,0,0.49,4.44
1090,117.03307691,40.19897599,0.13,1,0.62,4.62
1091,116.94259628,40.10527100,0.04,1,0.78,4.25
1092,116.09878942,40.42105507,0.14,0,0.51,14.37
1093,116.86943468,40.43250783,0.06,1,0.52,13.92
1094,116.14897577,40.42074530,0.12,1,0.27,29.35
1095,117.25425044,40.70142530,0.15,0,0.64,14.62
1096,117.01325955,40.52905974,0.11,0,0.54,13.20
1097,116.06481164,40.20038291,0.06,1,0.56,4.38
1098,116.29142850,40.82041014,0.12,1,0.49,14.28
1099,116.12768819,40.47618974,0.07,1,0.49,15.34
1100,116.31124730,40.81427480,0.07,1,0.79,15.55
1101,116.06995694,40.49095868,0.12,1,0.31,13.15
1102,116.86705386,40.57369761,0.04,0,0.52,4.22
1103,117.07393342,40.41918096,0.17,1,0.85,27.73
1104,116.54646015,40.75396453,0.09,1,0.44,14.16
1105,116.37774400,40.18341364,0.09,1,0.69,30.07
1106,116.80033106,40.57416461,0.06,1,0.51,4.42
1107,117.26288110,40.57584259,0.04,1,0.60,4.11
1108,116.70430103,40.64269842,0.14,1,0.68,32.32
1109,116.70192537,40.63753077,0.06,1,0.63,30.53
1110,116.57140759,40.81355875,0.10,0,0.57,15.12
1111,116.44915236,40.33871447,0.10,1,0.62,3.92
1112,116.56945637,40.37104084,0.13,1,0.53,29.56
1113,116.75907536,40.56820239,0.04,1,0.24,16.88
1114,116.83089542,40.42345615,0.08,1,0.57,15.01
1115,116.38341764,39.78034907,0.16,1,0.68,4.36
1116,116.12273973,40.41179738,0.13,1,0.60,4.39
1117,116.47092454,40.24687141,0.14,1,0.68,15.85
1118,116.59775857,40.60877782,0.05,1,0.75,14.82
1119,116.36461750,40.27073284,0.12,1,0.76,13.55
1120,116.44109593,40.29730113,0.11,1,0.34,30.05
1121,116.42792267,40.17795261,0.10,1,0.67,4.73
1122,116.42572869,40.29224263,0.16,1,0.52,14.17
1123,116.48437241,40.58473347,0.13,0,0.38,4.26
1124,115.95189402,40.99627774,0.10,1,0.77,4.77
1125,116.43686247,40.35128429,0.11,1,0.76,15.86
1126,116.39194744,40.28341762,0.07,1,0.59,14.93
1127,116.20236563,40.20572478,0.11,1,0.52,15.46
1128,117.25990713,40.47452369,0.12,1,0.62,12.78
1129,116.71886453,40.58456991,0.12,1,0.61,12.75
1130,116.83681804,40.38330644,0.11,0,0.72,4.26
1131,116.43845274,39.71426567,0.11,1,0.68,4.13
1132,116.91447795,40.12582806,0.09,1,0.63,15.46
1133,116.43719486,40.12951768,0.07,0,0.93,12.40
1134,117.17105105,40.56590367,0.13,1,0.44,15.12
1135,116.41033324,40.14515542,0.16,1,0.76,17.66
1136,116.45410401,40.14084077,0.12,1,0.54,15.01
1137,116.46900499,40.31616348,0.10,1,0.73,14.66
1138,116.50912298,40.16929585,0.12,0,0.63,13.25
1139,116.64325504,40.82275805,0.09,0,0.71,15.23
1140,116.75766539,40.24520047,0.10,1,0.61,14.15
1141,117.11882675,40.59720094,0.09,1,0.53,14.42
1142,116.44581628,40.16113626,0.09,0,0.63,30.99
1143,116.78447022,40.45008163,0.09,1,0.62,15.17
1144,116.44644670,40.09404395,0.08,1,0.46,29.89
1145,116.50856556,40.15839875,0.09,1,0.47,14.81
1146,116.50621928,40.79691007,0.12,0,0.53,14.14
1147,116.89346144,40.57315678,0.10,1,0.59,14.61
1148,116.95370870,40.56360890,0.08,1,0.35,31.03
1149,116.61609096,40.06925497,0.07,1,0.58,14.56
1150,116.44932407,40.14660007,0.13,1,0.86,15.57
1151,116.86792001,40.51403962,0.12,1,0.57,4.29
1152,116.45264332,40.19755279,0.06,1,0.75,16.00
1153,116.47556801,40.16354127,0.10,1,0.39,32.28
1154,116.14751761,40.96318135,0.09,0,0.64,15.58
1155,117.10360430,40.60361465,0.13,1,0.28,16.06
1156,116.46310721,40.38353234,0.07,1,0.48,4.90
1157,116.43151394,40.18884845,0.11,1,0.36,4.40
1158,116.79312288,40.62377023,0.14,1,0.66,4.52
1159,116.79059511,40.60470068,0.09,1,0.51,4.39
1160,116.36970118,40.34521121,0.08,1,0.76,15.29
1161,116.47714517,40.38796915,0.04,1,0.39,15.71
1162,116.95542888,40.93328344,0.10,1,0.51,4.46
1163,116.67704262,40.59577811,0.08,1,0.59,4.19
1164,116.70949691,40.75533939,0.09,1,0.55,13.53
1165,116.30935788,40.22134436,0.05,1,0.50,14.28
1166,116.39865651,39.94722301,0.14,1,0.38,30.01
1167,116.71768571,40.22842095,0.10,1,0.50,14.86
1168,117.05141615,40.55143079,0.08,1,0.49,16.09
1169,116.75787755,40.54826276,0.09,1,0.58,4.20
1170,116.85312972,40.59779777,0.09,1,0.53,13.42
1171,117.28692520,40.49123938,0.12,1,0.43,4.88
1172,116.71812011,40.55366128,0.14,1,0.44,15.54
1173,117.17785568,40.56939233,0.13,1,0.47,14.79
1174,117.42323780,40.60993251,0.14,0,0.70,14.97
1175,116.69674878,40.69915880,0.09,1,0.51,15.80
1176,116.58345112,40.38958873,0.03,0,0.58,15.44
1177,116.19145577,40.18864037,0.10,0,0.45,15.36
1178,117.28198064,40.62244173,0.10,1,0.79,27.30
1179,116.94812807,40.55445278,0.14,1,0.43,13.74
1180,116.76893064,39.93315545,0.12,1,0.46,15.64
1181,116.77738236,40.36221852,0.10,1,0.46,13.49
1182,115.47092800,40.99318939,0.07,1,0.30,4.35
1183,116.85323030,40.22888736,0.11,1,0.61,13.51
1184,117.07076970,40.63277379,0.12,1,0.59,32.21
1185,117.11983584,40.11556486,0.15,1,0.68,15.23
1186,116.49508073,40.49417130,0.08,1,0.55,15.32
1187,117.01309460,39.50370602,0.11,1,0.60,15.01
1188,117.32484455,40.50312708,0.11,0,0.49,14.75
1189,116.10650776,40.45250645,0.12,0,0.56,13.18
1190,116.55723416,40.37750739,0.12,1,0.48,29.63
1191,116.47285930,40.49886415,0.11,0,0.46,14.00
1192,117.35217096,40.57544650,0.10,1,0.36,14.80
1193,116.18613750,40.40714980,0.05,0,0.43,14.46
1194,116.70397082,40.17889343,0.04,1,0.65,15.97
1195,116.62417748,40.12092577,0.04,1,0.39,4.35
1196,116.65957585,40.81109062,0.12,1,0.69,15.29
1197,117.07090674,40.44356677,0.10,1,0.54,14.51
1198,116.73251136,40.40661677,0.12,1,0.43,13.21
1199,116.44706913,40.26143888,0.11,1,0.46,14.30
1200,116.39396824,39.77713783,0.06,0,0.55,14.84
1201,116.70965760,40.27301612,0.14,1,0.57,14.54
1202,116.82159021,40.43470645,0.13,1,0.61,16.38
1203,116.93279709,40.68279316,0.11,1,0.87,16.17
1204,116.62448317,40.11802381,0.08,0,0.49,17.08
1205,116.84843398,39.90546919,0.08,1,0.34,4.26
1206,116.39463487,40.34205025,0.13,1,0.28,4.64
1207,116.72048078,40.32769555,0.09,1,0.40,14.78
1208,116.84045269,40.18721969,0.07,0,0.55,14.72
1209,116.74738491,40.37310270,0.06,0,0.82,15.15
1210,116.92760702,40.19964522,0.11,0,0.37,14.99
1211,116.85781460,40.22786116,0.09,1,0.62,15.30
1212,117.10816024,40.37562286,0.12,1,0.51,16.19
1213,116.60940225,39.83489692,0.09,1,0.36,4.38
1214,116.90434304,40.42176044,0.11,1,0.36,13.29
1215,116.93794688,40.27362035,0.12,1,0.54,13.84
1216,116.54648143,40.76034941,0.06,1,0.52,28.38
1217,116.55291377,40.40234097,0.06,1,0.58,14.89
1218,116.35449028,40.23936495,0.10,1,0.49,15.38
1219,116.58086706,40.82829026,0.09,0,0.59,17.30
1220,116.70308644,40.72990382,0.12,1,0.63,30.75
1221,116.57519755,40.39518155,0.07,0,0.60,14.47
1222,116.58753449,40.80506356,0.12,0,0.45,13.70
1223,116.84832616,40.15200465,0.08,1,0.40,30.77
1224,116.85830422,40.18963763,0.11,0,0.58,14.80
1225,116.45840103,40.30163536,0.09,1,0.49,29.95
1226,116.96487271,40.50572518,0.08,1,0.41,29.07
1227,116.59124406,40.22902028,0.10,1,0.49,4.71
1228,116.86851484,40.28367450,0.13,0,0.23,16.14
1229,117.00870666,40.13473062,0.04,1,0.62,4.63
1230,116.49395185,40.37385580,0.11,1,0.73,15.84
1231,116.55123795,40.28353729,0.10,0,0.75,16.37
1232,117.22945997,40.49012965,0.12,1,0.49,4.43
1233,116.76045336,40.51366037,0.10,1,0.44,14.35
1234,116.59463868,40.17154486,0.12,1,0.50,15.31
1235,116.85675916,40.06190784,0.13,1,0.58,13.91
1236,116.57797420,40.48236124,0.14,1,0.39,14.83
1237,116.96814196,40.44232274,0.10,1,0.49,15.64
1238,117.06236557,40.45431566,0.11,1,0.61,14.93
1239,116.97117429,40.54064661,0.12,1,0.40,14.49
1240,116.74621633,40.62751271,0.10,1,0.65,28.39
1241,117.14433416,40.38315772,0.11,1,0.52,14.54
1242,116.66346920,40.72695688,0.15,0,0.73,15.64
1243,116.54374170,40.39760829,0.09,1,0.67,4.28
1244,116.02515717,40.81472596,0.14,1,0.61,4.99
1245,116.76429750,40.60936418,0.07,0,0.63,13.85
1246,117.36887430,40.69413081,0.14,1,0.62,15.71
1247,116.60910218,40.27368507,0.05,0,0.63,14.64
1248,116.70321908,40.40749538,0.08,1,0.33,17.27
1249,116.52726571,40.75331222,0.09,1,0.71,4.64
1250,116.71884154,39.86266242,0.10,1,0.68,15.31
1251,117.15211888,40.50347302,0.05,1,0.72,4.17
1252,117.02299295,40.46364285,0.10,1,0.49,15.95
1253,116.77636129,39.84217643,0.09,1,0.60,15.46
1254,116.78480324,40.61614808,0.08,1,0.32,15.61
1255,116.74422494,39.85489355,0.16,1,0.49,16.97
1256,116.95424522,40.34431044,0.11,1,0.54,14.86
1257,117.00374426,40.49549396,0.13,1,0.58,14.08
1258,116.80495826,40.55603827,0.10,1,0.67,14.43
1259,116.84446054,40.37267199,0.07,1,0.39,13.89
1260,116.87501534,40.12454360,0.06,0,0.52,14.19
1261,116.94657566,40.02012121,0.11,0,0.53,15.99
1262,116.73539567,40.57303404,0.11,1,0.54,4.54
1263,116.80366539,40.58724930,0.05,1,0.38,15.53
1264,116.81271336,40.69651777,0.10,1,0.52,14.86
1265,116.84230095,40.02167929,0.05,1,0.50,15.31
1266,116.86137670,40.81493366,0.11,1,0.50,15.85
1267,117.23698211,40.47383469,0.07,1,0.60,31.52
1268,116.76037490,40.63817912,0.11,1,0.57,4.06
1269,116.96088968,40.16257364,0.04,0,0.77,28.44
1270,116.90334918,40.53274194,0.12,1,0.52,4.23
1271,116.51513769,40.82869892,0.12,0,0.71,13.19
1272,116.37525331,39.75990810,0.11,1,0.57,16.36
1273,116.79849236,40.35020914,0.07,1,0.56,26.78
1274,116.40735639,40.11804514,0.14,1,0.69,14.45
1275,117.29991612,40.46191712,0.11,1,0.51,14.92
1276,116.91086044,39.79678240,0.10,1,0.74,16.10
1277,117.28247615,40.53866413,0.11,1,0.60,29.21
1278,117.06433167,40.51800703,0.06,1,0.49,14.37
1279,116.94872832,40.08520184,0.05,1,0.45,4.28
1280,117.12397460,40.30537634,0.10,1,0.64,4.98
1281,116.37431015,39.75768304,0.11,1,0.59,14.23
1282,117.20361881,40.39041209,0.09,1,0.55,16.01
1283,117.00819103,40.17101306,0.14,1,0.37,15.12
1284,116.78954264,40.77298000,0.15,1,0.59,15.34
1285,116.57545385,40.78992205,0.03,1,0.58,15.04
1286,116.98526373,40.06191691,0.13,1,0.61,4.46
1287,116.60851412,40.31336196,0.04,1,0.60,15.29
1288,116.69506630,40.26274451,0.12,1,0.56,4.34
1289,116.94923968,40.19005334,0.11,1,0.56,4.24
1290,116.62643355,40.78329042,0.09,1,0.60,14.19
1291,117.23683073,40.67233056,0.06,1,0.40,30.92
1292,116.47422177,40.32726120,0.10,1,0.67,14.25
1293,117.19410480,40.46606328,0.09,1,0.40,15.85
1294,116.75113948,40.54820284,0.09,1,0.67,13.79
1295,117.01084192,40.44143909,0.04,1,0.27,16.19
1296,116.97422436,40.52504747,0.07,1,0.60,14.14
1297,117.03483882,40.52619242,0.08,1,0.64,17.92
1298,116.96974846,40.39184743,0.11,1,0.47,34.72
1299,116.57378631,40.84649898,0.11,1,0.51,15.52
1300,116.61611737,40.12377842,0.09,1,0.50,15.87
1301,117.10318805,40.43907556,0.09,0,0.63,13.25
1302,116.89446993,40.31422837,0.12,1,0.55,4.66
1303,116.98533513,40.20406222,0.09,1,0.49,4.30
1304,116.44725112,39.79527428,0.17,1,0.58,15.56
1305,117.24064192,40.52131930,0.12,1,0.49,4.35
1306,116.92033542,39.66028727,0.14,1,0.73,4.44
1307,116.94397372,40.17151149,0.09,1,0.59,15.29
1308,116.95259122,40.50842581,0.11,1,0.49,14.14
1309,116.85322487,40.46711046,0.12,1,0.48,15.32
1310,117.19005731,40.58656513,0.05,0,0.60,4.78
1311,116.81715204,40.45365604,0.05,0,0.42,14.84
1312,116.94646574,40.66140452,0.13,1,0.62,14.12
1313,116.35948377,40.25266204,0.06,1,0.65,4.26
1314,115.44286804,40.63736669,0.11,1,0.42,4.35
1315,116.54373530,40.42269240,0.15,0,0.65,4.36
1316,116.44334386,40.29636771,0.11,1,0.48,13.83
1317,116.78204366,40.36182018,0.04,1,0.81,15.30
1318,117.05253482,40.28186132,0.09,1,0.65,4.56
1319,116.78765140,40.54122185,0.15,0,0.40,30.57
1320,116.79141824,40.39932089,0.18,0,0.73,13.99
1321,116.49159990,40.83612267,0.12,1,0.67,4.56
1322,117.00792584,40.55237107,0.10,1,0.46,15.12
1323,116.66506923,40.24866707,0.10,1,0.49,25.91
1324,117.04323311,40.54747326,0.08,1,0.53,14.51
1325,117.07689501,40.23612480,0.11,1,0.72,14.06
1326,116.78698337,40.64807266,0.11,1,0.57,15.02
1327,116.81667044,40.38963059,0.16,1,0.63,13.25
1328,116.90437900,40.69119925,0.12,1,0.52,14.80
1329,116.80110426,40.37838220,0.16,0,0.66,15.75
1330,116.76372440,40.38480433,0.12,1,0.37,14.65
1331,117.12113621,40.63489267,0.08,1,0.80,15.03
1332,116.93556553,40.28903468,0.09,1,0.73,16.15
1333,116.92336255,40.28019226,0.10,1,0.67,4.56
1334,117.12815066,40.71212220,0.12,0,0.53,14.07
1335,117.07227483,40.42152881,0.09,0,0.58,31.37
1336,116.72851559,40.21509022,0.09,1,0.26,15.96
1337,117.07078039,40.47736835,0.11,1,0.64,15.95
1338,116.73074737,40.20297577,0.14,0,0.53,14.02
1339,116.71817142,40.42158308,0.12,1,0.39,14.90
1340,116.88000762,40.58325575,0.12,1,0.50,14.66
1341,117.30122546,40.45870671,0.14,1,0.73,13.96
1342,117.21114215,40.52656346,0.05,1,0.49,4.30
1343,117.15092789,40.29099022,0.10,0,0.31,14.98
1344,117.24734849,40.25602393,0.04,1,0.47,15.57
1345,117.00807785,40.24212788,0.08,1,0.31,16.53
1346,117.11617618,40.60384380,0.13,1,0.40,15.68
1347,117.16144001,40.45313203,0.13,1,0.35,14.49
1348,116.94190769,39.69144318,0.13,1,0.41,15.98
1349,116.71192880,40.73854773,0.04,0,0.45,14.96
1350,116.56076361,40.81999381,0.09,1,0.43,14.30
1351,116.49700919,40.71463229,0.13,0,0.58,13.87
1352,116.57989527,40.74164985,0.12,1,0.47,29.19
1353,117.09666690,40.52083077,0.07,1,0.57,14.85
1354,117.15975224,40.63795887,0.10,1,0.54,14.93
1355,116.58943790,40.76691705,0.13,1,0.53,14.71
1356,116.34852519,40.27383289,0.06,1,0.80,15.06
1357,117.05189525,40.55293503,0.13,1,0.66,13.90
1358,116.57881038,40.81598524,0.11,1,0.53,15.21
1359,116.53125673,40.77820098,0.12,1,0.43,14.89
1360,116.60975936,40.40123718,0.11,1,0.42,14.96
1361,116.85362039,40.67548978,0.10,1,0.52,29.12
1362,116.77951651,40.61901388,0.09,1,0.60,3.94
1363,116.49229851,41.03115992,0.04,1,0.55,13.84
1364,116.61078937,40.82441127,0.11,1,0.58,4.33
1365,116.67950971,40.72273438,0.10,1,0.52,4.74
1366,116.99934058,40.64768389,0.13,0,0.71,4.29
1367,116.84677694,40.63122168,0.08,1,0.34,15.61
1368,116.75675153,40.09569942,0.11,1,0.51,14.46
1369,116.95484950,40.55150840,0.09,0,0.79,15.59
1370,117.05583959,40.56985341,0.11,1,0.38,4.25
1371,117.06935649,40.38138674,0.11,1,0.47,14.26
1372,117.06461451,40.46318008,0.08,1,0.68,15.15
1373,117.07161171,40.62369759,0.05,1,0.67,4.77
1374,116.90681725,40.58860247,0.16,1,0.45,13.18
1375,116.75676259,40.58263695,0.13,1,0.72,13.31
1376,116.82078545,40.16002420,0.06,1,0.59,15.16
1377,117.17695309,40.35452908,0.12,1,0.80,12.84
1378,116.85080114,40.16222545,0.13,1,0.34,13.60
1379,117.05236699,40.47388900,0.10,1,0.52,16.91
1380,116.82377804,40.29485973,0.09,1,0.42,15.73
1381,116.76304961,40.11606484,0.08,0,0.47,14.46
1382,116.77380894,40.19750004,0.08,0,0.46,16.41
1383,116.99872693,40.30379934,0.08,1,0.69,13.97
1384,116.77233437,40.25076197,0.05,1,0.36,13.79
1385,117.18326768,40.42828038,0.05,1,0.58,4.95
1386,117.08817105,40.41482859,0.05,1,0.71,15.32
1387,117.07745077,40.50820048,0.09,1,0.47,15.69
1388,116.43506396,41.00792921,0.09,1,0.56,13.73
1389,117.23053452,40.41506039,0.06,1,0.58,14.17
1390,116.46517372,39.87441142,0.14,0,0.59,4.60
1391,116.94612956,40.28808746,0.11,1,0.57,14.67
1392,116.75359521,40.05507190,0.09,1,0.46,17.65
1393,116.99974788,40.69546677,0.05,1,0.51,14.28
1394,116.81440156,40.51866064,0.08,1,0.65,15.17
1395,116.84919450,40.54848088,0.08,1,0.74,4.51
1396,117.02049059,40.23670154,0.13,0,0.36,4.80
1397,116.87728081,40.38549491,0.04,1,0.56,15.16
1398,117.16569799,40.64657228,0.05,1,0.37,4.49
1399,117.18956261,40.39957288,0.07,1,0.55,4.43
1400,116.80112890,40.53729936,0.06,1,0.65,15.08
1401,116.56525314,40.66552754,0.03,1,0.77,14.95
1402,117.00390511,40.10093212,0.11,0,0.52,15.89
1403,116.78009994,40.51006081,0.07,0,0.46,13.58
1404,117.01018304,40.55328314,0.11,1,0.51,15.66
1405,117.08500602,40.49129397,0.06,1,0.57,15.22
1406,116.49348673,40.78141238,0.11,1,0.62,14.58
1407,116.56105602,40.34454038,0.07,1,0.64,16.01
1408,117.01439120,40.21531438,0.10,1,0.26,14.19
1409,117.34406396,40.54444454,0.09,1,0.73,15.08
1410,117.22013629,40.50624986,0.08,1,0.77,13.77
1411,116.58990022,40.74434965,0.13,1,0.37,15.48
1412,117.27838689,40.50409216,0.12,1,0.49,13.70
1413,116.52429041,40.79576823,0.11,1,0.63,29.22
1414,117.18983071,40.55897922,0.09,1,0.32,15.37
1415,116.98262400,40.56020061,0.09,1,0.34,15.60
1416,116.61958440,40.39216661,0.11,1,0.51,14.30
1417,116.95929374,40.51611248,0.12,1,0.69,4.19
1418,116.61271283,40.81793918,0.10,1,0.47,4.48
1419,117.10727348,40.13719118,0.13,1,0.67,14.71
1420,117.13906468,40.72761034,0.08,1,0.77,4.29
1421,116.43100987,39.92546296,0.14,1,0.98,16.03
1422,117.22032459,40.35938482,0.09,1,0.47,13.79
1423,117.24211062,40.43359160,0.08,1,0.48,31.53
1424,117.02515425,40.51859365,0.14,1,0.51,14.08
1425,116.69964073,40.35486450,0.10,1,0.63,12.82
1426,117.25911034,40.41194965,0.07,1,0.52,30.87
1427,116.61875110,40.77980807,0.14,1,0.50,4.55
1428,115.52768450,40.82029894,0.13,1,0.62,4.61
1429,116.50671437,40.75578893,0.09,1,0.39,15.55
1430,116.60839583,40.79652001,0.12,1,0.64,13.97
1431,117.31769967,40.47047483,0.06,1,0.31,16.26
1432,117.16623192,40.54978373,0.08,1,0.50,15.28
1433,116.86882590,39.81857222,0.14,0,0.51,30.26
1434,115.65326988,40.07422031,0.09,1,0.48,14.05
1435,115.76335842,40.01889770,0.12,1,0.80,14.74
1436,116.76202162,40.28402512,0.09,1,0.75,14.39
1437,117.07869563,40.56071210,0.08,1,0.68,25.43
1438,117.06749259,40.22764879,0.12,1,0.41,15.15
1439,117.05131195,40.50555274,0.05,1,0.35,12.74
1440,117.21568826,40.45216748,0.13,1,0.59,15.60
1441,117.15190533,40.28550451,0.15,1,0.59,13.71
1442,116.95514009,40.19738589,0.12,1,0.46,17.20
1443,116.49432360,40.41052362,0.11,1,0.50,13.90
1444,117.08028411,40.26462268,0.14,1,0.51,15.45
1445,117.09907986,40.54404301,0.13,1,0.66,14.27
1446,116.69616334,40.86252648,0.08,1,0.40,14.59
1447,116.98714215,40.53029265,0.10,1,0.56,14.30
1448,116.82686030,40.51473100,0.14,1,0.38,15.84
1449,116.90191524,39.96045944,0.15,1,0.53,17.27
1450,116.67041436,40.27250056,0.09,1,0.61,14.96
1451,116.75882165,40.62160322,0.09,1,0.50,30.09
1452,116.95155494,40.64058676,0.13,1,0.45,32.36
1453,117.20983418,40.70393869,0.09,1,0.49,4.34
1454,115.92872882,40.48177859,0.09,1,0.71,15.40
1455,117.11316948,40.50562033,0.07,1,0.46,15.78
1456,117.06632695,40.55810118,0.12,0,0.55,14.59
1457,116.41597622,40.92392091,0.06,1,0.47,4.94
1458,117.03910845,39.70546468,0.10,0,0.60,15.42
1459,116.96923826,40.52319965,0.09,0,0.58,4.21
1460,117.01170531,40.24653942,0.06,1,0.57,15.47
1461,117.11806712,40.44286908,0.05,1,0.59,13.01
1462,116.85280254,40.51244962,0.15,1,0.59,4.34
1463,116.58168163,40.75504937,0.16,1,0.43,15.30
1464,117.21644925,40.39254922,0.12,0,0.66,14.54
1465,117.03473962,40.34111824,0.10,1,0.53,4.35
1466,116.49497412,40.39214315,0.08,0,0.58,15.67
1467,116.95674793,40.88554500,0.06,1,0.59,4.40
1468,116.45536397,40.36381567,0.06,1,0.46,16.55
1469,116.79481984,40.54755232,0.09,1,0.82,13.19
1470,117.09864327,40.30133475,0.15,1,0.59,4.06
1471,117.04526412,40.39921819,0.13,0,0.97,16.03
1472,117.08091343,40.42397090,0.16,1,0.37,14.81
1473,116.99873038,40.33533185,0.11,1,0.42,14.22
1474,117.14610589,40.64196656,0.07,0,0.45,13.37
1475,117.08226372,40.44065715,0.09,0,0.63,13.96
1476,116.65912144,40.40332628,0.10,1,0.64,30.85
1477,116.50872837,40.71761818,0.10,1,0.61,15.58
1478,117.02027104,40.44145394,0.12,1,0.49,14.68
1479,116.46458305,40.32796540,0.06,0,0.31,27.55
1480,116.56591914,40.73750936,0.16,1,0.37,15.42
1481,117.09890136,40.42582006,0.12,1,0.42,4.43
1482,116.73749597,40.54041196,0.12,1,0.67,13.74
1483,117.05963272,40.49697364,0.11,1,0.52,4.65
1484,117.04365118,40.55154247,0.13,1,0.58,4.20
1485,116.58506659,40.76983293,0.07,1,0.63,14.82
1486,116.71023768,40.57177068,0.09,1,0.54,15.11
1487,116.84661397,40.63287561,0.10,0,0.48,14.48
1488,117.07489548,40.43349495,0.13,1,0.31,14.20
1489,117.37558495,40.56523756,0.07,0,0.24,15.92
1490,116.74147807,40.62986880,0.12,1,0.60,16.25
1491,117.00371900,40.43227378,0.12,1,0.49,15.32
1492,116.98231660,39.71433929,0.05,1,0.49,4.78
1493,117.23219571,40.40525344,0.10,0,0.45,15.90
1494,116.56312199,40.79410776,0.08,1,0.62,18.26
1495,117.06125967,39.60883932,0.10,1,0.42,14.41
1496,117.01989166,40.27017221,0.10,1,0.27,16.48
1497,116.49955789,40.82404808,0.05,1,0.42,15.42
1498,116.54119953,40.78976174,0.13,1,0.51,4.85
1499,116.61071612,40.80124669,0.09,1,0.71,4.64
1500,116.98057660,40.49166509,0.12,1,0.45,4.67
