1,117.43818888,39.55147647,0.07,0,0.54,4.54
2,115.55337632,40.47458837,0.11,1,0.53,16.06
3,116.34546824,39.97636594,0.10,1,0.66,14.88
4,115.78901048,40.47044148,0.10,1,0.71,14.25
5,116.30376304,40.05007707,0.15,0,0.62,4.29
6,116.27898658,40.43547115,0.10,1,0.58,14.90
7,116.39363972,40.06790038,0.10,1,0.44,4.15
8,116.80472254,40.28146515,0.14,1,0.58,15.97
9,116.08713605,40.39016882,0.10,0,0.77,14.90
10,115.87754540,40.22469790,0.12,1,0.59,13.76
11,115.93463223,40.11985801,0.11,1,0.52,14.63
12,116.55607747,40.58690901,0.10,1,0.55,4.56
13,116.29382942,40.62117791,0.11,1,0.63,13.63
14,116.62996497,40.20042297,0.07,1,0.66,14.69
15,116.68230951,40.18374572,0.19,1,0.55,4.67
16,116.23424588,40.72277855,0.10,0,0.79,4.41
17,115.40138111,40.95928631,0.09,0,0.77,14.92
18,117.06748353,40.46196385,0.09,1,0.65,15.40
19,116.57994354,39.47610998,0.11,1,0.52,4.98
20,116.43300370,39.91320716,0.13,0,0.70,15.90
21,116.32704880,40.52915796,0.14,1,0.68,16.61
22,116.72178613,40.29612129,0.14,0,0.60,15.44
23,115.99734162,40.08568662,0.15,0,0.50,15.69
24,117.05283019,39.77506260,0.05,0,0.58,4.29
25,116.63195491,40.10981261,0.11,1,0.63,15.45
26,116.65666521,40.48259928,0.13,1,0.24,16.73
27,116.60584790,40.03576851,0.09,1,0.53,15.10
28,117.21838253,40.27868720,0.14,0,0.49,25.81
29,115.41118113,40.44418772,0.05,1,0.80,14.55
30,116.37988912,40.19572409,0.08,1,0.62,14.52
31,116.45465806,40.30522641,0.13,1,0.46,4.55
32,115.99114228,40.18671689,0.16,1,0.74,14.85
33,115.84654053,40.51890141,0.10,0,0.35,4.57
34,116.42622617,40.01689037,0.06,1,0.55,30.42
35,117.17762229,39.55867152,0.08,0,0.40,26.46
36,116.69516658,40.65538850,0.13,1,0.57,15.62
37,116.24343074,40.04089349,0.05,1,0.42,15.68
38,116.19720904,40.04053530,0.07,1,0.52,15.18
39,116.12418712,40.59536672,0.11,0,0.46,14.47
40,115.76674180,40.27007166,0.09,1,0.47,16.02
41,116.60286824,39.99385483,0.07,1,0.46,14.32
42,116.74520822,40.13844644,0.14,0,0.44,16.76
43,115.97419650,39.95625495,0.13,0,0.30,14.87
44,116.89278179,40.74603501,0.16,1,0.30,4.60
45,116.36149658,40.44824210,0.14,1,0.80,30.75
46,116.74154152,40.19375703,0.12,1,0.54,15.63
47,116.58479518,40.26265537,0.09,1,0.58,4.77
48,116.13009230,40.84705743,0.11,1,0.33,14.10
49,116.55799080,40.14809922,0.14,1,0.68,4.35
50,115.94400832,40.37029846,0.09,1,0.60,13.65
51,116.72661872,40.19477244,0.07,1,0.48,14.59
52,116.49845042,40.16778487,0.10,0,0.43,13.50
53,115.58759461,40.71799691,0.12,1,0.52,14.07
54,116.05179208,40.38695487,0.12,1,0.48,13.29
55,116.59344326,40.08464062,0.07,1,0.72,13.75
56,116.61858767,40.88711700,0.14,0,0.60,16.49
57,116.49272033,40.46453576,0.12,1,0.60,15.53
58,116.51278098,40.17349332,0.14,1,0.62,17.10
59,115.80041887,40.35021403,0.05,1,0.42,15.64
60,116.08267262,40.23195491,0.10,1,0.45,4.55
61,116.27608570,40.12464400,0.06,1,0.51,15.39
62,116.14991037,40.14593016,0.12,1,0.61,4.16
63,116.62538147,40.19864307,0.07,1,0.65,15.74
64,117.38025864,40.25452957,0.06,1,0.45,17.06
65,116.07916369,39.85916748,0.15,1,0.54,5.27
66,116.10151318,40.41390229,0.13,1,0.56,12.78
67,116.92235815,40.08487228,0.12,1,0.47,15.88
68,117.05514425,39.94653661,0.13,1,0.45,14.66
69,117.11614787,40.39461732,0.08,1,0.59,3.99
70,116.00618341,40.05191366,0.12,1,0.48,4.31
71,116.21038388,40.40342314,0.10,1,0.37,14.50
72,116.84962884,40.34273380,0.13,1,0.42,13.93
73,116.81993438,41.07971408,0.07,1,0.31,14.31
74,116.46340856,40.84928465,0.16,0,0.57,28.48
75,116.59783303,40.46656210,0.10,0,0.45,4.51
76,116.04148490,39.89362919,0.13,1,0.50,4.61
77,116.15038533,40.29261151,0.07,1,0.51,13.66
78,116.35739259,40.02108197,0.13,1,0.59,15.87
79,116.11349664,40.24315433,0.12,1,0.65,15.74
80,116.75633055,40.23678258,0.10,1,0.72,15.44
81,116.34807628,40.47597954,0.12,1,0.48,15.06
82,116.39581983,40.21219322,0.14,1,0.27,4.49
83,116.26611044,40.20859235,0.12,1,0.40,16.20
84,116.87755684,40.46480156,0.15,1,0.58,15.02
85,115.53260694,39.91339088,0.15,0,0.72,15.09
86,116.29194527,40.61261956,0.11,1,0.67,14.43
87,116.67264071,40.08527326,0.11,1,0.67,14.99
88,115.56478339,39.56405508,0.10,1,0.41,15.41
89,116.82558189,40.43200905,0.07,1,0.51,33.00
90,116.54690532,40.08779026,0.05,1,0.74,13.22
91,116.68540023,40.73960477,0.08,1,0.53,14.44
92,116.16656257,40.13454714,0.13,1,0.46,15.23
93,116.66863019,40.02798003,0.12,1,0.65,28.22
94,115.70674790,39.91911262,0.14,1,0.37,4.55
95,116.66565887,40.49513090,0.10,1,0.43,13.29
96,116.45828468,40.15013839,0.08,1,0.54,14.05
97,116.46226570,40.91786859,0.10,1,0.71,4.58
98,115.45816049,40.25311228,0.09,0,0.53,15.14
99,116.77073989,39.90585525,0.09,0,0.51,15.02
100,116.71083591,40.27523440,0.09,1,0.42,4.24
101,115.57247213,39.97642497,0.14,0,0.57,14.10
102,116.14432083,40.33812788,0.09,1,0.56,15.51
103,116.36542150,40.03218802,0.06,1,0.67,16.54
104,116.47830734,40.43719779,0.11,0,0.71,14.24
105,116.36688590,40.40535258,0.09,1,0.51,16.04
106,115.80363552,40.30279856,0.10,1,0.60,15.29
107,116.58946714,39.70514875,0.12,1,0.57,29.35
108,116.34485461,40.66352199,0.09,1,0.54,26.90
109,116.43356365,40.21273812,0.10,0,0.54,16.80
110,116.42431563,39.77581186,0.12,0,0.68,4.34
111,116.31275902,40.03601881,0.08,1,0.55,14.53
112,116.92279752,40.54800483,0.10,1,0.53,13.90
113,117.45609915,40.47181990,0.09,1,0.81,31.17
114,116.37742720,39.66315794,0.12,1,0.55,14.02
115,116.71352215,40.43232736,0.11,1,0.55,15.83
116,115.84609815,39.83705081,0.10,0,0.48,15.11
117,116.29512815,40.30960706,0.11,0,0.65,14.23
118,116.24545890,40.53161162,0.09,1,0.34,15.81
119,116.05672770,40.26660077,0.10,1,0.73,15.47
120,116.62388939,40.14903021,0.15,1,0.53,14.16
121,116.39117522,40.22765178,0.13,1,0.53,14.04
122,117.34420835,40.83766794,0.09,0,0.55,14.63
123,115.73141161,40.66100930,0.09,1,0.64,14.59
124,117.01125958,39.86534766,0.13,1,0.48,28.00
125,116.43630847,40.41232463,0.06,1,0.98,4.50
126,116.32412353,40.68858135,0.07,0,0.68,16.19
127,116.33725478,39.87840192,0.09,1,0.66,15.89
128,116.73416304,39.95640553,0.08,1,0.65,4.11
129,116.58820476,39.92180007,0.09,1,0.48,15.34
130,116.06853893,39.68855663,0.10,1,0.61,15.13
131,116.43612688,40.35227256,0.10,1,0.65,13.73
132,116.63972171,40.69299239,0.11,1,0.37,4.37
133,116.69264286,39.65752062,0.13,1,0.48,29.33
134,116.55589131,39.94817388,0.11,0,0.66,15.00
135,116.83628759,40.52082765,0.13,0,0.61,14.98
136,116.52492593,40.49994674,0.06,1,0.54,17.07
137,116.58360421,40.32561461,0.11,1,0.42,15.30
138,116.31148429,39.86548576,0.06,0,0.45,31.69
139,116.21724848,40.75267953,0.09,0,0.39,13.43
140,116.22450727,40.43272642,0.10,1,0.42,4.24
141,116.61908702,40.65498969,0.09,1,0.40,32.98
142,115.92863386,40.15806305,0.19,1,0.42,15.15
143,116.30326759,40.43908439,0.03,1,0.53,16.56
144,115.90834988,40.53659216,0.09,1,0.36,14.96
145,116.23940956,39.43717940,0.14,1,0.57,14.91
146,116.52125289,40.28578279,0.12,0,0.46,4.37
147,116.68276487,40.17696779,0.11,1,0.48,4.15
148,116.79085664,40.10012418,0.09,1,0.61,4.16
149,116.12099840,40.44311294,0.10,1,0.55,17.43
150,116.24983485,40.32080101,0.13,0,0.52,15.67
151,116.45727298,40.45034509,0.10,1,0.82,15.51
152,116.53643045,40.41622675,0.12,1,0.46,4.43
153,116.50424143,40.26646143,0.10,1,0.61,4.31
154,116.07378655,40.31726560,0.11,1,0.43,29.38
155,116.38648492,40.74813916,0.05,1,0.54,4.33
156,116.43703278,40.28966797,0.12,1,0.27,4.69
157,115.83589072,40.21186108,0.12,1,0.86,15.56
158,116.32861673,40.10023136,0.11,1,0.31,14.35
159,116.01074834,40.47118513,0.11,0,0.62,30.60
160,116.45440923,40.20409413,0.10,1,0.61,16.46
161,116.27152925,40.23665041,0.06,1,0.64,15.98
162,116.59938318,40.49946274,0.08,1,0.53,30.50
163,116.13033923,40.08112752,0.14,0,0.53,4.69
164,115.98663980,40.88664044,0.06,1,0.60,16.87
165,115.86306570,40.44707218,0.12,1,0.40,4.61
166,117.09341441,40.23669978,0.12,1,0.78,4.45
167,116.51034247,40.31302314,0.11,0,0.74,28.32
168,116.32165436,40.38093814,0.16,0,0.62,4.05
169,115.89761012,40.73140105,0.07,0,0.61,32.30
170,116.84173290,39.97774715,0.14,0,0.76,14.07
171,116.66240545,40.35265942,0.01,0,0.76,14.68
172,117.39123538,40.63977579,0.13,1,0.55,15.59
173,117.01169329,40.17468099,0.09,1,0.29,17.32
174,116.65429093,40.17128369,0.11,1,0.50,14.56
175,116.61501402,39.77803291,0.12,1,0.62,15.31
176,117.12882828,40.67827000,0.05,0,0.58,14.12
177,116.56147326,40.39996315,0.09,1,0.56,15.86
178,117.50165285,40.99827969,0.15,0,0.84,30.01
179,116.65347596,40.44701882,0.08,1,0.54,14.68
180,116.68420358,40.31923236,0.10,1,0.44,12.10
181,116.77436624,40.67595600,0.09,1,0.73,15.21
182,116.50946446,40.02884321,0.13,1,0.60,16.02
183,117.00710431,39.97351557,0.11,1,0.50,30.46
184,116.28282171,39.72493517,0.10,1,0.54,15.11
185,116.24612655,40.99155171,0.09,1,0.57,30.27
186,116.87584153,39.68577944,0.13,1,0.55,4.90
187,117.11684166,40.64271875,0.09,1,0.61,15.05
188,115.96306341,40.54841223,0.10,1,0.41,16.13
189,117.02038791,40.54864622,0.08,1,0.50,4.45
190,116.34786885,40.16439549,0.11,1,0.83,4.58
191,116.35784652,40.42183491,0.17,1,0.68,14.47
192,116.46511577,40.30178116,0.13,1,0.72,4.41
193,116.83246154,40.44264965,0.08,1,0.63,32.18
194,116.58101463,40.30528279,0.08,1,0.42,14.88
195,116.44083062,40.19749768,0.11,0,0.17,15.36
196,117.14791558,40.90301103,0.10,1,0.88,15.26
197,116.47214155,39.95102804,0.11,1,0.68,15.72
198,116.87924122,40.66304937,0.11,1,0.21,13.91
199,116.31503652,39.98217520,0.06,1,0.62,15.56
200,116.87827210,40.44265767,0.09,1,0.50,14.57
201,116.71501043,40.20866837,0.13,1,0.52,14.84
202,115.87080313,40.07886805,0.08,1,0.53,16.48
203,116.16768756,40.23681453,0.10,1,0.80,16.05
204,116.42562697,40.14985904,0.11,1,0.89,14.95
205,116.01390725,40.55952457,0.09,1,0.71,14.96
206,116.13820740,39.90306484,0.11,1,0.55,16.14
207,117.14680145,39.91159645,0.14,1,0.52,31.44
208,116.70293590,40.33997482,0.11,1,0.48,15.47
209,116.83062548,40.04019305,0.14,1,0.55,14.74
210,116.47010516,39.64963142,0.15,1,0.52,15.80
211,116.89080747,39.83022338,0.14,0,0.25,34.12
212,116.87744769,39.99657111,0.18,1,0.60,15.44
213,116.60254126,40.07977637,0.10,0,0.46,13.81
214,117.10952740,40.31968466,0.11,0,0.53,15.25
215,117.35150022,40.40458701,0.07,1,0.45,15.20
216,116.50884984,39.92522389,0.10,1,0.59,4.84
217,116.58598391,40.17623812,0.13,1,0.44,31.84
218,116.73003238,40.43588818,0.13,1,0.71,4.31
219,116.26041101,40.62382549,0.04,0,0.68,4.54
220,116.11665461,40.22135164,0.07,1,0.44,15.23
221,116.48471290,40.20965672,0.09,1,0.58,15.25
222,116.60563043,40.44657031,0.14,1,0.43,15.85
223,117.33700088,40.14246361,0.08,1,0.52,16.42
224,116.34000657,40.10974124,0.15,1,0.56,29.80
225,117.40503507,40.18841568,0.13,1,0.56,4.58
226,116.57531880,40.60340091,0.10,0,0.61,16.14
227,116.82336678,39.74248034,0.11,1,0.46,4.43
228,116.58424314,40.23789851,0.10,1,0.51,4.96
229,116.21477904,40.26591827,0.07,1,0.61,14.50
230,116.60473433,40.24471217,0.06,0,0.60,14.90
231,116.38772408,40.42087213,0.08,1,0.48,4.32
232,116.46582967,40.27846700,0.11,0,0.48,4.55
233,116.26617777,40.58857800,0.13,0,0.61,15.36
234,115.62028941,39.95023594,0.11,1,0.91,15.41
235,116.40068112,39.97095988,0.15,1,0.45,14.81
236,115.82951305,40.55874724,0.03,1,0.57,14.40
237,117.09243242,40.38647146,0.09,1,0.67,16.07
238,116.51482860,39.74481985,0.08,1,0.45,14.78
239,116.58077904,40.78356954,0.12,0,0.59,16.33
240,116.11771651,39.98397808,0.08,1,0.52,16.45
241,115.95756130,40.67023481,0.18,1,0.43,14.75
242,116.04000268,40.60929706,0.11,0,0.51,13.51
243,116.85905601,40.26476821,0.16,1,0.40,28.77
244,117.14613781,40.21742824,0.10,1,0.60,16.87
245,116.28510077,40.39585896,0.09,0,0.76,14.72
246,116.84979475,40.13629688,0.09,1,0.62,4.85
247,116.49338104,40.15319943,0.14,1,0.55,14.58
248,116.41411126,40.30418883,0.09,1,0.78,12.13
249,116.20911444,39.96867480,0.10,1,0.32,16.30
250,116.60632409,40.00990099,0.05,1,0.50,31.79
251,115.89822150,40.15345134,0.11,1,0.40,4.60
252,117.33237007,40.64679031,0.09,0,0.59,29.49
253,116.63545720,40.32531030,0.05,1,0.54,14.97
254,116.26818403,40.67865022,0.11,1,0.61,14.95
255,117.22644600,40.78407934,0.08,1,0.70,25.55
256,116.99612156,40.07285896,0.10,1,0.56,26.89
257,116.51312378,39.70301959,0.11,1,0.53,13.73
258,116.66684110,40.42750447,0.13,1,0.48,16.34
259,116.49451188,39.95556204,0.13,1,0.55,14.28
260,116.60164124,39.91765844,0.10,1,0.40,15.23
261,116.72061771,40.09672685,0.11,0,0.61,15.58
262,116.16542384,40.26935911,0.12,1,0.46,15.26
263,116.78627351,40.28649879,0.08,1,0.38,30.17
264,116.67273138,39.90612211,0.08,1,0.65,15.52
265,116.33061755,40.36460748,0.10,0,0.43,4.48
266,116.74886124,40.68631636,0.06,1,0.79,4.38
267,116.36489571,40.52929784,0.16,1,0.51,15.22
268,116.56683527,40.05163165,0.05,1,0.61,14.49
269,116.39505059,40.47311922,0.02,1,0.41,13.16
270,116.60334426,40.27180662,0.06,1,0.59,15.85
271,116.28767970,40.61576509,0.06,1,0.50,15.18
272,116.67630591,40.51504474,0.10,1,0.43,4.32
273,116.54781862,40.08238355,0.03,1,0.57,26.75
274,116.73794531,40.24871914,0.09,1,0.77,14.79
275,116.11367091,40.80676027,0.14,1,0.48,15.35
276,116.13287778,40.40713152,0.06,1,0.67,12.99
277,116.38581670,40.33161916,0.12,1,0.36,13.68
278,116.56192865,39.92675565,0.09,1,0.47,29.90
279,116.05994495,40.24671714,0.13,1,0.60,28.64
280,116.66641254,39.44528971,0.10,1,0.61,15.06
281,116.21978455,40.25606457,0.05,0,0.66,14.87
282,115.35974245,39.60933561,0.08,1,0.57,13.91
283,116.80018407,40.39827389,0.07,1,0.54,13.30
284,116.11325517,41.00270348,0.07,1,0.46,15.00
285,117.37098564,39.76748645,0.18,1,0.30,15.34
286,116.53559002,39.78568376,0.09,1,0.55,15.56
287,116.87569435,39.80631700,0.04,0,0.58,14.50
288,115.81835794,40.62314442,0.14,1,0.21,15.18
289,116.16506469,40.26945765,0.08,1,0.49,30.45
290,116.99912116,39.71470061,0.10,1,0.42,4.47
291,116.58114651,40.45127178,0.13,1,0.62,15.61
292,116.59634315,39.67577381,0.16,0,0.48,14.39
293,116.80866991,40.51043571,0.06,1,0.55,15.87
294,116.81147183,39.89447915,0.10,0,0.58,4.57
295,116.32972332,40.12206465,0.08,1,0.38,13.51
296,116.34284250,40.11215255,0.13,1,0.54,31.83
297,116.05912712,40.12350676,0.11,1,0.39,14.72
298,115.91373871,40.97646296,0.06,1,0.60,14.94
299,116.56392049,39.92620165,0.17,1,0.51,14.72
300,116.94727702,39.75682096,0.09,1,0.55,15.58
301,116.59808667,40.14406909,0.10,1,0.34,16.56
302,116.44114825,40.09207464,0.12,1,0.44,15.06
303,115.74163372,40.65776727,0.10,1,0.55,16.14
304,117.40121226,40.86526114,0.10,1,0.56,4.76
305,116.64131875,39.95229584,0.02,0,0.55,15.64
306,116.57560377,39.41467499,0.05,1,0.44,4.64
307,115.86810834,39.63629931,0.15,1,0.57,4.70
308,116.78870283,40.08157956,0.14,1,0.60,13.14
309,116.60659990,40.35792127,0.11,1,0.53,16.04
310,116.35734467,40.10205290,0.12,1,0.74,4.54
311,116.05283554,40.40189198,0.09,0,0.61,15.06
312,117.12590966,39.82180879,0.07,1,0.44,14.48
313,116.23872433,40.50870995,0.13,1,0.57,15.19
314,116.14984896,40.62704486,0.06,1,0.71,4.79
315,116.12133881,40.18487336,0.11,0,0.79,16.01
316,116.36907971,40.48898515,0.04,1,0.64,15.13
317,116.32495869,40.61804017,0.08,0,0.55,4.98
318,116.30318438,39.94962811,0.08,1,0.48,13.74
319,116.26137213,40.21455386,0.10,0,0.62,14.33
320,116.41464856,40.13572793,0.05,1,0.63,16.47
321,116.29571219,40.05498979,0.09,0,0.71,16.40
322,117.04586549,40.37206721,0.13,1,0.73,30.81
323,116.21416638,40.29915749,0.14,1,0.66,4.63
324,116.50387684,40.54290214,0.13,0,0.69,15.22
325,116.60174210,40.07599437,0.13,1,0.66,4.65
326,116.07686926,40.25063415,0.13,0,0.61,28.94
327,116.06859184,39.85507904,0.09,1,0.42,16.33
328,115.84247142,40.53721490,0.12,1,0.44,4.42
329,115.71789447,41.03521188,0.12,1,0.58,4.34
330,116.15450844,40.60985554,0.10,0,0.56,13.75
331,116.88021903,40.25396576,0.07,1,0.75,15.00
332,115.77203852,39.89472427,0.08,1,0.50,14.55
333,117.34258709,40.00605699,0.04,1,0.48,15.41
334,116.37298641,40.19561062,0.14,1,0.41,14.69
335,116.57341501,40.21565825,0.08,1,0.48,14.86
336,116.34526751,39.91979960,0.10,1,0.54,16.61
337,116.89028648,40.61708397,0.10,1,0.79,4.30
338,115.93876446,40.75214743,0.16,1,0.62,15.58
339,116.48106964,39.90622556,0.11,1,0.57,4.60
340,116.71843509,41.04336232,0.07,1,0.76,13.32
341,116.59539259,40.20383236,0.12,1,0.66,4.75
342,116.16704617,40.01598857,0.05,1,0.71,14.02
343,116.48120816,40.39968155,0.12,1,0.91,15.37
344,117.00975253,40.15901457,0.12,1,0.51,15.21
345,116.08878180,40.32990234,0.12,1,0.39,14.45
346,116.18825222,40.57654421,0.11,1,0.87,14.31
347,116.30633045,40.45992773,0.20,0,0.55,14.40
348,116.74202465,40.10888466,0.09,1,0.72,17.58
349,116.83220603,40.00304610,0.11,1,0.52,15.24
350,116.00090643,40.28955058,0.12,1,0.38,16.82
351,116.62400804,39.79317404,0.12,1,0.38,14.58
352,116.55949399,40.06424928,0.07,1,0.60,14.63
353,116.78255115,40.71614624,0.13,0,0.46,13.77
354,115.91269933,40.32025466,0.06,1,0.66,4.46
355,115.97950216,40.79525863,0.07,1,0.61,14.29
356,116.12301110,40.29494512,0.03,1,0.50,14.20
357,116.05387957,40.21447266,0.12,1,0.67,15.94
358,115.54600901,40.28434563,0.11,1,0.82,14.27
359,116.14159886,40.47464126,0.02,1,0.54,4.55
360,116.02226408,39.84588579,0.05,1,0.53,30.06
361,117.31592836,40.35661803,0.10,1,0.59,4.62
362,116.19525860,40.20077356,0.12,0,0.56,30.91
363,115.71268564,40.21036939,0.11,1,0.53,32.56
364,116.12333499,40.68187803,0.10,1,0.44,14.26
365,116.34259757,40.23769159,0.14,1,0.64,14.22
366,116.73697432,40.29527664,0.09,1,0.70,16.08
367,117.33300019,39.55438795,0.07,1,0.57,14.73
368,116.35557143,40.26802524,0.10,1,0.64,13.47
369,116.53932628,40.41115298,0.09,1,0.73,15.79
370,116.83185002,39.87569587,0.15,1,0.35,32.50
371,116.22925308,40.84134807,0.10,1,0.31,4.35
372,116.29221593,40.43429490,0.10,1,0.60,27.92
373,116.26244215,40.31925254,0.13,1,0.40,4.72
374,116.21889750,40.67208155,0.08,1,0.44,14.09
375,115.97555176,40.07700700,0.14,0,0.52,31.70
376,116.07123365,40.07657003,0.08,0,0.58,14.75
377,116.04755834,40.40664339,0.10,1,0.47,16.13
378,116.32535659,40.11855480,0.06,0,0.65,4.17
379,115.89623532,40.50088354,0.13,1,0.88,4.50
380,116.16834460,40.33398725,0.14,1,0.51,29.87
381,116.38478581,40.25610455,0.10,1,0.63,4.47
382,116.82289891,40.12015373,0.11,1,0.38,28.72
383,117.24039308,40.11897876,0.12,0,0.56,14.15
384,117.10719454,40.80161356,0.12,1,0.67,4.58
385,116.39700997,39.77312035,0.12,1,0.49,15.60
386,116.52572993,40.30599787,0.11,1,0.43,15.38
387,115.75088244,39.87036107,0.04,1,0.65,15.57
388,116.45658740,40.27126933,0.11,1,0.53,15.94
389,115.67789474,40.52336576,0.10,0,0.78,28.34
390,116.74469662,40.16548229,0.08,1,0.75,12.84
391,116.60025512,40.35549992,0.08,1,0.36,15.96
392,116.35568266,40.21093782,0.11,1,0.57,15.77
393,116.50338137,39.98770116,0.14,1,0.52,4.45
394,116.90150402,40.12495221,0.12,1,0.58,4.74
395,116.10694109,40.13244276,0.05,1,0.47,15.36
396,116.66761738,40.00244983,0.05,0,0.53,15.41
397,116.08792409,40.00241596,0.11,0,0.50,15.43
398,116.07215003,39.55278839,0.08,1,0.61,17.04
399,116.54575283,40.31168485,0.17,1,0.52,15.91
400,116.29347979,40.18864227,0.10,1,0.41,14.19
401,117.00179129,40.36119258,0.11,1,0.28,13.99
402,116.47934587,39.92752316,0.12,0,0.58,14.12
403,115.76524997,40.33519570,0.15,1,0.58,16.04
404,116.36207634,39.74312793,0.11,1,0.61,14.50
405,116.59637544,40.04028280,0.10,1,0.65,33.56
406,116.25183869,40.12824272,0.08,1,0.67,26.72
407,116.25089951,40.53715738,0.09,1,0.73,15.91
408,116.25610984,40.40837366,0.10,0,0.45,14.61
409,116.34837655,40.00488104,0.10,1,0.43,15.05
410,116.80103542,39.74877619,0.10,1,0.66,4.37
411,116.97080523,40.66655457,0.08,1,0.68,14.08
412,115.66042717,39.84903809,0.05,1,0.58,17.00
413,116.83151729,39.74418794,0.10,1,0.43,28.69
414,115.96297473,40.22960796,0.09,1,0.40,14.27
415,116.31855626,40.35605613,0.11,1,0.81,4.79
416,117.20107556,40.06504519,0.13,1,0.54,4.16
417,116.56028058,40.35133433,0.09,1,0.62,15.29
418,116.65659202,40.55149396,0.14,1,0.52,17.86
419,116.41027460,39.91464344,0.06,1,0.61,15.21
420,115.98343932,39.83045022,0.11,1,0.57,29.29
421,116.60853820,40.38272648,0.13,1,0.37,4.24
422,115.89392464,40.45980928,0.10,1,0.39,15.00
423,116.20414877,40.79546711,0.12,1,0.40,4.44
424,116.54927375,39.94944451,0.12,0,0.43,4.32
425,116.44774949,39.91590590,0.07,1,0.54,4.44
426,116.57293841,40.50295598,0.10,1,0.51,14.50
427,116.44708721,40.53172399,0.03,1,0.40,14.27
428,116.69363997,40.38260051,0.14,1,0.67,14.00
429,116.11609657,39.84134218,0.11,1,0.34,14.62
430,116.50158442,40.24142790,0.14,1,0.53,16.10
431,116.13324509,40.35792812,0.13,0,0.75,15.24
432,116.66626486,40.37022307,0.10,0,0.52,15.31
433,116.61961282,40.47254162,0.13,1,0.60,17.53
434,116.80333894,39.78289475,0.16,1,0.60,4.53
435,116.59617351,39.98721090,0.08,1,0.27,31.16
436,116.81612019,40.63847347,0.13,1,0.53,14.84
437,115.99635116,39.54910366,0.08,1,0.60,14.94
438,116.77716860,40.52261099,0.12,0,0.72,14.30
439,116.93299109,41.00799612,0.12,1,0.53,14.28
440,117.20761235,40.17339281,0.06,1,0.48,15.93
441,116.08822540,40.24653230,0.09,1,0.74,4.36
442,115.97000340,40.91393982,0.12,0,0.36,13.14
443,117.36355221,40.76976293,0.08,1,0.44,4.09
444,116.76234517,40.93373187,0.02,1,0.75,32.03
445,117.14091569,40.61462588,0.13,1,0.54,14.65
446,116.74259612,40.88266595,0.09,0,0.43,14.52
447,117.00385208,40.67461209,0.13,0,0.46,13.67
448,117.01701928,40.42483810,0.12,1,0.56,15.19
449,116.72610842,40.62379054,0.07,1,0.49,14.05
450,116.68840439,40.01249193,0.12,1,0.56,30.56
451,116.75924359,39.80334130,0.11,1,0.60,27.04
452,116.26211277,39.92583803,0.10,1,0.67,16.47
453,115.83109884,40.07527107,0.08,1,0.53,31.48
454,115.54252726,40.57307711,0.08,1,0.37,15.39
455,116.58207946,40.42839148,0.13,1,0.56,15.71
456,115.75235668,40.03593631,0.10,0,0.49,15.18
457,115.83530695,40.53359676,0.09,1,0.62,17.07
458,116.05689604,40.20084085,0.15,1,0.58,13.98
459,116.46375280,40.30149845,0.13,1,0.60,14.84
460,116.37380100,40.15481855,0.12,1,0.51,28.01
461,116.56430489,40.30111033,0.13,1,0.46,29.12
462,116.25815436,40.18627462,0.12,0,0.39,4.55
463,116.61837086,40.09416304,0.14,1,0.63,13.59
464,116.08194752,40.40185805,0.10,1,0.50,16.27
465,116.07835939,39.87873463,0.12,1,0.66,31.04
466,115.89395674,39.93985248,0.06,0,0.55,15.61
467,117.39020692,39.56883532,0.09,1,0.55,28.42
468,115.95879723,40.82221724,0.06,0,0.45,13.46
469,115.83798347,40.63270081,0.12,1,0.57,17.05
470,116.89630289,40.25783401,0.12,0,0.42,26.40
471,116.44865685,39.90064732,0.13,1,0.45,17.20
472,116.13938256,40.29730126,0.07,1,0.67,4.47
473,116.02500823,40.35388846,0.14,1,0.52,29.74
474,116.78108063,40.39811822,0.10,0,0.76,15.16
475,116.52573498,40.59704027,0.11,1,0.71,14.89
476,116.65665529,39.93733926,0.14,0,0.69,32.02
477,116.16116934,39.89899769,0.11,1,0.48,15.06
478,116.90274448,40.20950617,0.09,1,0.52,14.19
479,116.59524155,40.47898967,0.08,0,0.62,4.55
480,117.07954364,39.94624719,0.11,1,0.51,30.37
481,116.53793844,39.65158240,0.08,1,0.65,14.09
482,115.95992226,40.46738742,0.06,1,0.66,16.55
483,116.03701119,40.07338695,0.13,1,0.80,15.07
484,116.49941782,39.89796781,0.17,1,0.58,14.57
485,116.13730546,40.19203764,0.08,1,0.64,14.34
486,116.76513685,39.86186107,0.15,1,0.70,14.74
487,116.05856223,40.92009830,0.11,1,0.48,13.34
488,116.13029664,40.27024202,0.14,1,0.60,14.85
489,116.36446165,40.51410990,0.13,1,0.44,15.66
490,116.71215504,40.29640846,0.03,1,0.55,13.09
491,116.49232755,39.78756299,0.09,1,0.33,27.83
492,117.02121686,40.25837270,0.09,1,0.47,15.07
493,117.33200008,40.57559660,0.14,0,0.62,4.76
494,116.56907745,40.46667426,0.05,1,0.68,15.65
495,116.03124856,39.84255800,0.13,1,0.48,4.61
496,116.96394677,40.61415302,0.08,1,0.75,15.43
497,116.05451282,40.17760271,0.15,1,0.31,27.25
498,115.89220885,40.35976134,0.15,1,0.50,16.19
499,116.23939220,39.93561733,0.09,1,0.63,4.82
500,116.72279915,39.82212817,0.09,0,0.35,14.21
501,116.48729450,40.34057356,0.08,1,0.44,14.26
502,117.14388022,40.47183918,0.08,0,0.58,4.58
503,116.42651487,39.89252991,0.12,1,0.73,4.57
504,116.43451865,40.82019797,0.13,0,0.33,13.83
505,116.46671665,40.02202256,0.10,0,0.63,14.01
506,116.54015271,40.25447318,0.08,0,0.53,13.95
507,116.58720353,40.01429814,0.13,1,0.64,4.69
508,116.80039180,40.55429534,0.12,1,0.59,3.93
509,116.22185667,40.44958121,0.09,0,0.48,31.98
510,116.24978486,40.44153976,0.11,0,0.48,15.01
511,115.63970522,39.99651545,0.10,1,0.48,29.55
512,116.76846961,40.14511909,0.10,1,0.65,16.12
513,116.63535326,40.21080624,0.10,0,0.38,15.26
514,117.11120494,40.04133237,0.09,0,0.90,15.15
515,116.42651997,40.72589194,0.08,1,0.54,14.66
516,116.96883548,40.69445255,0.09,1,0.64,29.78
517,116.16551021,39.83809683,0.11,1,0.61,15.68
518,116.29250744,40.93603113,0.13,1,0.47,15.11
519,116.16448882,40.07604138,0.13,1,0.70,5.18
520,116.82049183,40.43726536,0.08,0,0.78,4.45
521,116.66973295,39.57056724,0.10,1,0.67,14.76
522,116.54154717,39.90590509,0.10,1,0.71,14.00
523,116.40852184,40.44859748,0.06,1,0.58,14.30
524,116.36809884,39.95070199,0.12,1,0.41,14.68
525,116.29000061,40.42518600,0.06,0,0.49,17.86
526,116.36827615,40.34610960,0.05,1,0.48,4.90
527,116.62544107,40.37211963,0.11,1,0.39,33.37
528,116.05526929,40.27159312,0.14,1,0.63,14.77
529,115.80785163,40.32546088,0.10,1,0.49,14.69
530,117.42956427,39.69162588,0.04,0,0.47,14.71
531,116.53619382,39.88785346,0.09,1,0.61,17.18
532,116.57013493,40.22877376,0.12,1,0.73,14.44
533,117.44090242,39.49458692,0.13,0,0.48,14.27
534,116.99279052,39.87089417,0.07,1,0.74,15.84
535,116.28635314,40.30717485,0.16,1,0.52,13.76
536,116.67925794,40.25322265,0.13,1,0.67,14.45
537,116.81228968,40.34933175,0.17,1,0.63,4.95
538,116.07449704,40.26018193,0.10,1,0.58,5.07
539,116.41532294,39.65951889,0.09,1,0.69,13.23
540,116.91312508,40.37192072,0.12,1,0.75,13.87
541,116.01162645,40.51146493,0.12,1,0.35,4.42
542,116.41977418,39.98017138,0.15,1,0.46,16.05
543,117.12114745,40.70925232,0.11,1,0.43,15.86
544,116.38129943,40.34046410,0.12,1,0.64,31.07
545,115.96854651,40.48158068,0.08,1,0.26,4.45
546,116.34377915,40.18984595,0.11,0,0.70,14.44
547,115.71039990,41.05228233,0.13,1,0.50,16.06
548,116.06188990,39.73720963,0.08,1,0.36,14.89
549,116.41155674,40.36962157,0.15,1,0.68,13.92
550,115.82489297,40.29494905,0.08,1,0.54,4.21
551,116.20440901,40.02871530,0.13,1,0.55,16.64
552,116.70504099,40.57654195,0.07,0,0.52,13.30
553,117.35102033,40.37782415,0.09,0,0.69,16.10
554,115.61141380,40.61356272,0.10,1,0.23,4.80
555,116.17600088,40.33786036,0.14,1,0.44,16.02
556,116.57959245,40.40791574,0.07,1,0.31,15.02
557,116.84470403,40.66390418,0.10,1,0.47,30.58
558,116.03347844,40.18441684,0.12,1,0.50,16.68
559,116.69915751,40.28257663,0.10,0,0.50,15.60
560,116.25076083,40.46666244,0.12,1,0.72,14.67
561,116.10372974,39.96057996,0.08,1,0.62,14.21
562,116.56688276,40.13594003,0.12,1,0.50,30.36
563,116.34302534,40.03132437,0.12,1,0.57,15.47
564,116.19238551,39.90287124,0.11,1,0.89,14.66
565,116.21167681,40.22700687,0.07,1,0.56,14.18
566,116.95650388,39.71553900,0.02,0,0.55,13.84
567,116.34756811,39.56834385,0.10,1,0.57,15.11
568,116.35086682,40.55954536,0.11,0,0.45,14.15
569,116.31739237,39.99380597,0.06,1,0.47,13.91
570,115.95090169,40.11712452,0.14,1,0.75,15.77
571,115.84557454,40.14847268,0.06,1,0.53,15.03
572,117.05395737,40.46754990,0.15,1,0.71,13.78
573,115.90582358,40.31494934,0.12,0,0.55,14.87
574,116.40729184,40.23088325,0.08,1,0.51,14.85
575,116.61958537,40.32160108,0.13,1,0.69,14.24
576,115.86079578,40.09286930,0.14,1,0.49,29.60
577,115.86406421,40.11919954,0.12,1,0.67,4.65
578,116.55086539,40.00102355,0.14,1,0.56,15.98
579,115.74181832,39.76763780,0.09,1,0.43,4.44
580,116.62771292,40.15894200,0.07,0,0.49,17.44
581,116.60929791,40.19866291,0.14,1,0.48,15.79
582,116.15608780,40.02701586,0.10,1,0.47,14.97
583,115.66026819,40.59054580,0.12,1,0.62,14.88
584,116.73506586,40.41939036,0.10,1,0.44,4.14
585,116.40173397,40.91777609,0.09,1,0.56,13.29
586,115.80829706,39.98628379,0.17,1,0.54,15.76
587,116.08932492,40.62004918,0.11,1,0.51,15.75
588,116.48396994,40.55420055,0.08,1,0.54,32.63
589,117.29921984,40.52183756,0.13,0,0.79,15.75
590,116.53431338,40.52127636,0.11,1,0.62,14.37
591,116.76586193,40.29089231,0.10,1,0.61,4.18
592,115.82624898,40.53632199,0.11,1,0.53,16.41
593,116.47617448,40.33199329,0.12,1,0.53,30.86
594,116.42983730,40.90749630,0.11,0,0.56,15.68
595,116.48407932,40.72150165,0.13,1,0.43,14.37
596,116.27009185,40.39400559,0.09,1,0.48,27.34
597,117.20129458,40.43599495,0.14,1,0.57,14.70
598,117.22837376,40.34280166,0.07,1,0.60,3.90
599,116.75903064,40.33580499,0.08,0,0.62,14.20
600,116.51270854,40.13233422,0.10,1,0.49,15.40
601,115.87457585,40.46087306,0.11,1,0.60,32.42
602,115.98002263,39.75856304,0.08,1,0.54,14.07
603,116.58544003,40.23237217,0.09,1,0.47,13.32
604,116.78696510,40.84230622,0.07,1,0.59,4.89
605,117.47057186,39.60628524,0.15,1,0.50,4.55
606,115.53738681,40.99052713,0.11,1,0.75,14.78
607,116.29012829,40.09265203,0.08,0,0.35,28.66
608,116.47242979,40.71511213,0.07,0,0.73,4.71
609,116.51836677,40.43046167,0.10,1,0.56,14.41
610,116.75313174,40.12756054,0.10,1,0.47,14.56
611,116.10695420,40.43207229,0.07,1,0.61,16.18
612,116.24477732,40.34773281,0.10,1,0.75,13.99
613,116.25852222,40.11544771,0.14,1,0.75,15.54
614,117.01257049,40.38195678,0.10,0,0.49,14.84
615,117.34794456,39.54417663,0.12,1,0.44,31.01
616,116.41598313,40.57558644,0.04,1,0.48,4.15
617,116.25359708,40.54624754,0.10,1,0.45,14.99
618,116.76168496,39.86755180,0.16,0,0.54,15.32
619,116.65132700,40.54951236,0.15,1,0.53,15.57
620,116.56470042,40.69197714,0.05,1,0.69,15.05
621,115.85440498,40.62673193,0.09,0,0.51,15.21
622,116.64797356,40.28625036,0.09,1,0.47,16.65
623,116.69791827,39.88296654,0.12,1,0.54,16.30
624,116.61579168,40.03014422,0.11,1,0.93,16.29
625,116.67435637,40.34853932,0.07,1,0.29,16.41
626,115.87889438,40.21678085,0.11,1,0.48,15.93
627,117.28579871,40.20487548,0.09,1,0.47,14.55
628,116.46519549,39.96996224,0.16,0,0.57,14.21
629,116.61372449,41.00328188,0.10,1,0.33,15.41
630,115.90623789,40.88239173,0.14,0,0.53,14.95
631,116.67326654,40.49043816,0.10,0,0.66,34.21
632,116.80567662,39.95021518,0.11,0,0.66,15.41
633,116.35552521,40.05439941,0.11,1,0.70,15.08
634,117.29856889,40.05849138,0.11,1,0.47,14.88
635,116.42890184,40.19661172,0.12,1,0.63,4.35
636,116.45520105,40.42195987,0.14,1,0.51,17.30
637,116.68084002,40.11547138,0.11,1,0.53,31.44
638,116.21383308,40.07243700,0.08,1,0.65,4.02
639,116.45873812,40.03742845,0.12,1,0.87,4.12
640,116.24347903,40.53903270,0.10,1,0.60,31.01
641,116.86518022,40.02709904,0.11,1,0.30,4.60
642,116.67809579,40.14109219,0.06,1,0.32,13.97
643,116.56559112,40.12425705,0.09,0,0.42,29.47
644,116.40435998,40.26894203,0.10,1,0.51,15.68
645,116.95697794,40.45698407,0.10,0,0.72,14.77
646,116.61333845,40.51164818,0.11,1,0.42,15.61
647,116.34321840,39.90648168,0.10,1,0.54,13.26
648,115.81169219,39.80372191,0.15,0,0.51,15.21
649,116.11640111,40.15322451,0.12,0,0.30,16.48
650,116.77042019,40.65959969,0.07,1,0.87,16.24
651,117.14194634,40.28118748,0.11,1,0.52,13.59
652,116.33256479,40.22657625,0.12,1,0.68,17.70
653,116.90343459,40.13672137,0.10,1,0.71,15.78
654,117.36025974,39.84062490,0.08,1,0.63,14.82
655,115.99790034,40.23775481,0.16,1,0.65,14.89
656,116.41918949,40.51476142,0.09,1,0.36,15.24
657,116.41527580,40.12915315,0.10,1,0.50,14.03
658,116.71554821,40.37883107,0.10,1,0.56,15.61
659,117.16636109,39.92902390,0.15,1,0.45,4.75
660,116.19897602,40.35716497,0.11,1,0.37,4.39
661,116.19029597,40.65961539,0.11,0,0.50,15.85
662,115.41407906,40.74371414,0.06,1,0.52,4.82
663,116.68632417,40.25618340,0.05,1,0.60,15.51
664,116.23452184,39.73540649,0.10,0,0.38,4.60
665,116.98244130,40.07686163,0.05,0,0.65,14.41
666,116.35473243,40.37278655,0.07,1,0.46,4.60
667,116.83036075,39.84061759,0.10,1,0.55,32.04
668,116.49486887,40.56144425,0.08,1,0.65,14.78
669,116.71671941,40.37763699,0.11,1,0.48,15.66
670,117.20102287,40.25859056,0.09,1,0.43,14.97
671,116.75005282,40.30859713,0.16,1,0.64,15.85
672,117.07362161,40.82412167,0.06,0,0.71,33.10
673,116.29946915,40.36355193,0.04,0,0.77,13.75
674,117.21687328,39.91334961,0.07,1,0.62,16.99
675,116.85585561,40.06041268,0.11,1,0.69,14.33
676,116.97930077,39.62408832,0.07,1,0.59,16.66
677,116.87426829,40.16156405,0.08,1,0.47,16.45
678,115.82655827,40.77263483,0.11,1,0.47,16.43
679,116.88348884,40.26949999,0.02,0,0.67,15.00
680,115.79739484,40.11525931,0.12,1,0.65,14.55
681,117.31239711,41.00857264,0.09,1,0.74,4.14
682,115.94450104,39.91903277,0.11,1,0.56,4.54
683,116.46918354,40.79044470,0.07,0,0.34,30.18
684,116.49778007,39.87863111,0.10,1,0.46,5.07
685,116.56998059,40.11494583,0.08,1,0.74,15.53
686,116.12637207,40.06177130,0.10,1,0.45,14.03
687,116.94373159,40.31005252,0.10,1,0.73,4.72
688,116.44008101,39.88277748,0.06,1,0.71,4.90
689,116.55281225,40.45897330,0.10,1,0.70,13.73
690,116.87012575,39.85116901,0.08,0,0.47,16.72
691,116.60986899,40.10681026,0.12,1,0.36,14.67
692,116.53108362,40.27374087,0.07,0,0.63,14.48
693,116.33126532,40.02032843,0.10,1,0.56,3.98
694,116.02521563,39.95377754,0.08,1,0.60,14.79
695,116.35130511,40.18677655,0.08,1,0.64,13.37
696,117.13738532,40.30053964,0.09,1,0.24,4.62
697,116.61870531,40.38271186,0.06,0,0.63,15.19
698,116.07976237,40.07830738,0.09,0,0.74,15.37
699,116.20222658,40.01366983,0.13,1,0.37,16.67
700,117.20865516,40.32470008,0.09,1,0.48,30.25
701,116.36077561,40.23665818,0.15,1,0.67,4.05
702,115.95793981,40.65022695,0.12,1,0.50,16.34
703,116.79178641,39.66229554,0.11,1,0.69,15.34
704,115.41621361,40.97133201,0.07,0,0.51,4.50
705,116.05218341,40.32430012,0.11,1,0.66,29.82
706,116.62683577,40.45050752,0.17,1,0.68,13.39
707,116.00430822,40.56295634,0.09,1,0.50,14.58
708,116.35684816,40.22829216,0.08,1,0.77,16.94
709,115.66348820,40.49120208,0.09,1,0.63,16.36
710,116.27904977,40.39711700,0.11,1,0.48,31.25
711,116.43349976,40.13174971,0.12,1,0.62,4.51
712,116.48135810,39.81414986,0.10,1,0.74,15.75
713,116.07328253,40.58869266,0.06,0,0.49,4.33
714,116.38629154,40.31058671,0.10,1,0.61,4.33
715,116.27543324,40.41165263,0.06,1,0.49,14.45
716,116.29306213,40.53753910,0.11,1,0.54,14.19
717,116.59803428,40.18677287,0.09,1,0.71,14.12
718,115.85687825,40.72383515,0.13,1,0.32,14.24
719,116.00341022,39.75561193,0.12,0,0.77,14.81
720,116.08698358,40.05491646,0.08,0,0.58,4.74
721,116.74746469,39.75285940,0.11,1,0.30,13.72
722,116.23923808,40.38988850,0.04,1,0.40,4.41
723,116.51495879,40.35571630,0.11,1,0.54,15.01
724,117.14940995,40.17174076,0.10,1,0.21,14.38
725,116.77663071,39.60866788,0.13,1,0.41,32.61
726,116.42082788,39.95181449,0.12,1,0.63,4.67
727,116.74496873,40.21820721,0.13,1,0.63,4.47
728,116.83738070,41.03424391,0.07,1,0.33,15.04
729,116.36735105,40.51633961,0.06,1,0.53,16.09
730,115.58340877,40.68301510,0.13,1,0.43,15.71
731,116.51450922,40.66199046,0.08,1,0.59,4.00
732,116.81960449,39.89857168,0.10,1,0.53,15.64
733,116.32812007,40.26436419,0.11,1,0.39,14.62
734,116.51153004,40.38113681,0.07,1,0.49,12.94
735,116.46912727,40.66387664,0.10,1,0.40,29.55
736,116.32766452,40.30168389,0.06,1,0.63,13.61
737,116.69635896,40.16027262,0.06,1,0.90,16.27
738,116.54186487,40.23818463,0.12,1,0.59,14.66
739,116.64890172,40.12520018,0.05,1,0.41,4.34
740,116.78416705,40.31151551,0.13,1,0.79,15.06
741,116.60875488,40.18718131,0.08,1,0.49,15.87
742,116.49147646,40.09058492,0.07,1,0.87,4.60
743,116.43126368,40.43530149,0.08,0,0.79,13.56
744,116.16083138,40.92220712,0.05,1,0.68,15.16
745,116.45559651,40.41162460,0.10,1,0.50,31.86
746,116.94404032,39.78592483,0.06,1,0.54,15.53
747,116.57702787,39.96763513,0.01,1,0.46,14.43
748,116.83299660,40.22051929,0.12,1,0.43,14.18
749,116.26303215,40.23852996,0.13,1,0.49,29.37
750,116.06712350,40.59936671,0.12,1,0.66,14.34
751,116.89853572,40.31150161,0.06,1,0.64,15.95
752,116.22406258,40.67357174,0.07,1,0.54,4.18
753,116.43909836,40.19735739,0.11,1,0.59,14.06
754,116.04176346,40.39984664,0.12,1,0.67,16.96
755,116.37603781,40.19160705,0.09,1,0.43,15.32
756,115.64755364,40.43269970,0.07,1,0.63,4.11
757,115.77344612,40.13098433,0.02,0,0.65,4.42
758,116.77238207,40.21115672,0.14,0,0.22,15.86
759,115.96573843,40.53619467,0.13,1,0.75,14.04
760,116.65589523,39.71232904,0.10,1,0.66,14.08
761,116.98581083,40.64674365,0.06,1,0.49,17.57
762,116.53826081,39.75459554,0.10,1,0.50,15.68
763,115.98608769,40.64137593,0.10,0,0.57,13.85
764,116.43842197,40.54796949,0.07,1,0.48,14.09
765,117.24129852,40.23061023,0.11,1,0.59,14.68
766,115.98169169,40.41904628,0.13,1,0.70,4.68
767,115.84119778,40.07723572,0.09,1,0.36,14.48
768,116.53198786,39.85066440,0.13,1,0.60,16.07
769,115.63730932,40.03898074,0.15,1,0.60,13.54
770,115.78107261,40.19944395,0.12,0,0.41,16.75
771,116.10543597,39.84866420,0.08,0,0.54,14.46
772,116.42783636,40.19443491,0.08,1,0.48,4.45
773,117.23188628,39.83347245,0.15,0,0.53,27.74
774,116.95464224,40.28315786,0.05,1,0.69,30.35
775,116.15968426,40.22463518,0.09,1,0.39,15.29
776,116.74871452,40.17766495,0.13,0,0.53,15.96
777,116.45418324,40.05494624,0.14,1,0.50,16.78
778,116.75458785,40.46537644,0.09,1,0.71,14.09
779,117.12266742,40.80120543,0.11,1,0.57,4.36
780,116.30999719,40.37615935,0.06,1,0.52,14.16
781,116.16890922,39.89476372,0.12,1,0.67,15.60
782,116.78988867,39.60194487,0.12,1,0.43,15.46
783,116.43653769,39.44068373,0.11,1,0.48,4.82
784,115.96196651,40.18697154,0.12,1,0.74,15.69
785,117.17763804,40.30818634,0.11,1,0.64,4.33
786,116.67138983,40.12199372,0.17,0,0.73,13.03
787,116.16759934,39.91786355,0.10,1,0.50,32.81
788,116.40757340,40.52079521,0.11,0,0.66,4.39
789,116.64022797,40.51633632,0.14,1,0.66,13.74
790,116.61951944,40.84223524,0.07,1,0.50,4.25
791,116.09174141,40.45054594,0.09,0,0.53,4.34
792,116.21502436,40.76558340,0.08,1,0.48,16.15
793,116.07919002,40.43885751,0.06,0,0.54,15.78
794,116.16039804,39.96042053,0.10,1,0.67,14.05
795,116.33023068,40.49951640,0.06,1,0.66,26.41
796,116.89222051,39.72511069,0.04,1,0.36,14.65
797,116.88376182,40.70702623,0.11,1,0.36,14.87
798,116.04262686,40.65961525,0.07,1,0.56,14.16
799,117.10362446,40.45276983,0.07,1,0.87,4.39
800,116.08158087,40.78442738,0.15,1,0.57,16.35
801,116.04365376,40.37904627,0.10,1,0.64,14.03
802,115.35147732,40.30579553,0.07,1,0.38,15.48
803,116.45992335,40.11460994,0.12,1,0.57,15.72
804,116.56733893,40.54008808,0.14,1,0.15,4.33
805,116.62581853,40.48810652,0.11,1,0.57,16.35
806,116.71292624,40.49796501,0.14,1,0.47,4.29
807,116.28281628,40.15593708,0.11,1,0.68,4.36
808,116.35201708,40.34887327,0.13,1,0.50,15.34
809,116.44586162,40.16191372,0.12,1,0.61,4.25
810,116.39967827,39.91601436,0.09,0,0.31,15.05
811,117.26727155,40.38942626,0.07,1,0.25,16.28
812,115.42388770,40.02303220,0.10,0,0.63,14.94
813,116.72360864,40.25207268,0.13,1,0.56,17.46
814,116.65447234,40.67670234,0.10,0,0.46,15.19
815,116.59100563,40.44565697,0.12,1,0.53,13.33
816,116.77674373,40.13732341,0.15,1,0.44,4.22
817,116.52282012,40.50844208,0.12,1,0.34,14.69
818,116.99702156,40.32086521,0.06,1,0.49,4.87
819,116.43629645,40.28469982,0.08,1,0.55,5.10
820,117.09319769,40.00786161,0.11,1,0.48,16.04
821,115.99200559,40.25992464,0.10,0,0.50,14.65
822,116.19185291,40.35694505,0.12,1,0.73,15.52
823,116.44234211,39.40318041,0.12,1,0.56,27.50
824,116.39989860,40.25618534,0.10,1,0.25,14.28
825,116.44810177,40.75511920,0.10,0,0.24,15.32
826,116.48078818,40.62527131,0.15,1,0.72,12.04
827,116.54843107,40.49165308,0.07,1,0.72,14.89
828,116.02733161,40.14652100,0.10,1,0.64,4.70
829,116.63004492,40.55818642,0.09,1,0.70,13.70
830,116.00302781,40.36403601,0.15,1,0.72,15.57
831,115.99458438,40.09658802,0.11,1,0.83,16.88
832,116.95011800,39.53963469,0.06,1,0.35,31.34
833,116.35378835,40.75000496,0.12,1,0.38,14.17
834,116.77704242,39.87937763,0.12,1,0.59,4.43
835,116.23536768,39.52927904,0.08,1,0.47,15.39
836,116.51029492,41.01648437,0.10,1,0.25,13.55
837,117.01361163,39.56892107,0.05,1,0.62,13.44
838,116.76295605,40.87783022,0.11,1,0.58,15.78
839,116.02318003,40.36158604,0.12,0,0.78,31.41
840,117.02575863,40.04294731,0.11,1,0.83,16.10
841,116.58838290,40.07876262,0.14,1,0.68,26.11
842,116.17940728,39.98099530,0.13,1,0.49,13.04
843,116.81321859,39.94615969,0.12,1,0.46,14.50
844,116.08286972,40.23971436,0.13,0,0.52,16.81
845,116.59228736,40.10020091,0.14,0,0.73,13.74
846,116.25521356,40.15335347,0.10,1,0.23,14.47
847,116.35958651,40.18611400,0.06,1,0.65,15.24
848,116.86400725,40.22030250,0.14,1,0.58,14.23
849,116.73009050,39.91972865,0.06,1,0.84,30.57
850,116.56968987,40.56240118,0.06,1,0.59,25.97
851,116.15976400,40.29852830,0.13,1,0.47,4.35
852,116.95004217,39.57284716,0.09,1,0.46,13.01
853,116.81128929,40.35995018,0.12,1,0.57,13.70
854,116.41053771,40.53613395,0.09,1,0.40,4.82
855,116.26102554,40.26609542,0.09,0,0.53,13.45
856,116.11754527,39.73495832,0.09,1,0.70,30.96
857,116.68748319,40.17165059,0.04,1,0.44,14.63
858,116.37001259,40.51645557,0.14,1,0.58,13.82
859,116.58596767,39.96406897,0.14,1,0.60,4.87
860,116.15090071,40.46034279,0.13,0,0.32,14.44
861,116.96734468,40.71033227,0.09,1,0.47,15.35
862,117.49011854,40.94572857,0.11,1,0.43,15.43
863,116.41204923,40.57512229,0.09,1,0.64,14.22
864,116.20759632,40.14582231,0.04,1,0.62,15.16
865,116.69012378,40.69107086,0.10,1,0.53,16.49
866,117.04581447,40.36759815,0.14,0,0.30,14.87
867,116.34109846,39.72762997,0.11,1,0.47,4.41
868,116.47567012,40.00892446,0.12,1,0.80,15.01
869,117.16765686,39.50968925,0.09,1,0.41,14.25
870,116.17151746,40.31682152,0.18,1,0.61,4.32
871,116.03084000,40.08293995,0.07,0,0.31,4.14
872,116.36001142,40.26313999,0.09,1,0.81,14.85
873,116.46272316,40.46831996,0.12,1,0.51,4.37
874,116.66758004,40.67622792,0.10,0,0.71,4.87
875,116.64474852,39.72576229,0.08,1,0.87,15.71
876,116.74298177,40.49126897,0.07,1,0.45,16.10
877,116.44318039,40.08834951,0.10,0,0.39,16.91
878,117.43024838,40.45809308,0.09,1,0.78,14.84
879,116.94228918,40.29329356,0.14,0,0.47,33.52
880,116.99816793,40.33216519,0.12,1,0.90,4.28
881,117.12393792,40.38608369,0.13,1,0.59,14.46
882,116.54535023,40.45966727,0.12,1,0.79,14.65
883,116.14172383,40.10728905,0.10,1,0.51,14.51
884,115.88898593,40.30107490,0.05,1,0.64,15.45
885,116.94746014,40.62902872,0.15,1,0.55,4.46
886,116.42735820,40.13112099,0.03,1,0.52,15.30
887,116.98175627,40.04165447,0.10,1,0.30,15.78
888,116.56375299,39.94170996,0.07,1,0.57,14.81
889,116.35204583,40.05495403,0.06,1,0.25,15.34
890,116.13595728,40.01103627,0.07,1,0.35,16.63
891,115.96735653,39.84864311,0.04,0,0.62,14.96
892,116.49250037,39.73791855,0.10,0,0.70,4.58
893,116.79085523,40.44154988,0.05,1,0.44,30.18
894,116.19638737,40.05108321,0.10,1,0.59,14.96
895,116.33798410,40.43708843,0.07,1,0.53,28.04
896,115.81697397,40.62414512,0.07,1,0.52,4.44
897,116.42142250,40.09134136,0.13,1,0.32,31.06
898,115.70342691,40.58303349,0.09,0,0.35,27.02
899,117.33385994,40.07931154,0.07,1,0.59,14.20
900,116.84413229,39.74658224,0.13,0,0.41,4.28
901,115.97720122,40.21873396,0.12,1,0.58,15.30
902,116.23730507,40.15355158,0.10,0,0.75,4.56
903,115.89322302,39.81867098,0.17,1,0.65,13.78
904,116.48752650,40.56281200,0.13,1,0.44,15.35
905,116.01555888,40.85880986,0.13,0,0.57,16.40
906,116.35436683,40.26316956,0.10,0,0.58,15.95
907,116.63512510,40.26618791,0.10,1,0.67,15.85
908,116.77524534,40.03705417,0.08,1,0.60,16.10
909,116.78263581,40.10541863,0.10,1,0.60,13.55
910,116.97908276,40.70007336,0.11,1,0.67,16.26
911,116.81613461,40.69702618,0.16,1,0.56,14.19
912,117.04151813,40.12893937,0.13,1,0.54,17.22
913,116.13360372,40.37042090,0.13,0,0.58,14.16
914,116.75467052,40.40714831,0.18,0,0.56,16.50
915,117.00646127,39.98454658,0.12,1,0.51,13.48
916,115.70282239,40.23042796,0.14,1,0.40,14.48
917,116.91302743,40.18843386,0.03,0,0.71,16.41
918,116.20049588,40.02473456,0.09,0,0.69,14.76
919,116.93518580,40.15000414,0.09,1,0.32,31.28
920,116.75196806,39.72990892,0.12,1,0.34,15.21
921,116.68977281,40.44821285,0.16,1,0.62,15.14
922,116.77345007,39.54678755,0.06,1,0.60,4.41
923,116.38769453,40.43708666,0.09,0,0.67,16.54
924,116.34205562,40.00912662,0.06,1,0.39,15.97
925,116.51644684,39.82545739,0.08,1,0.43,4.20
926,116.77226404,40.34791767,0.12,1,0.46,14.12
927,117.02456858,39.89900075,0.06,1,0.54,4.97
928,116.81793770,40.01700376,0.14,1,0.50,15.43
929,116.53110880,40.37936359,0.09,1,0.38,15.39
930,116.41981727,40.47991076,0.13,1,0.73,13.69
931,116.49351184,39.98247274,0.16,1,0.69,15.18
932,115.59695843,40.83516800,0.14,1,0.43,14.82
933,116.92131227,39.99803856,0.11,1,0.70,14.39
934,116.63052067,40.49683290,0.14,1,0.62,4.72
935,116.34505164,40.20538935,0.11,1,0.39,15.47
936,116.22091376,40.13847332,0.16,1,0.55,16.77
937,117.32380465,39.97483498,0.09,1,0.61,14.50
938,116.22712470,40.10444522,0.13,1,0.77,15.53
939,116.12436846,40.49771635,0.12,1,0.57,30.40
940,116.18571367,40.24351134,0.08,1,0.39,15.46
941,116.25373838,40.44576804,0.10,1,0.48,14.27
942,116.40094858,40.46430945,0.07,1,0.53,4.40
943,116.88928464,40.15248839,0.08,0,0.47,13.69
944,116.31768909,40.06183771,0.13,1,0.37,13.88
945,115.63949510,40.16394527,0.15,1,0.40,13.53
946,116.78148303,40.06731643,0.15,1,0.45,15.65
947,115.61757565,40.75928755,0.11,1,0.66,15.31
948,116.58864126,40.25816341,0.08,0,0.69,14.98
949,116.28087901,40.55304112,0.11,1,0.56,27.47
950,116.10096494,40.52961784,0.10,0,0.45,15.34
951,116.17259246,39.78849393,0.08,0,0.45,28.23
952,116.14326792,40.46972598,0.11,1,0.62,15.64
953,116.85334558,40.61401694,0.05,1,0.72,16.24
954,116.20638870,40.39082455,0.15,1,0.38,13.62
955,116.52417059,40.60250760,0.04,1,0.56,16.05
956,116.66620918,40.17158262,0.13,1,0.77,31.75
957,115.83864077,40.16602055,0.10,0,0.69,14.90
958,116.27238022,40.04840587,0.17,1,0.47,15.08
959,116.26808549,39.88267531,0.09,1,0.39,14.05
960,116.99530127,40.66225413,0.08,1,0.55,13.70
961,116.18935124,40.02763247,0.08,1,0.52,16.01
962,116.10131052,39.89468468,0.12,1,0.43,14.78
963,116.86040810,40.59127352,0.13,1,0.63,16.73
964,116.35164838,40.61128026,0.11,1,0.57,14.45
965,115.87753014,40.29159259,0.13,0,0.45,15.14
966,116.51112116,40.41828171,0.07,1,0.38,28.48
967,116.39734659,39.47099555,0.13,1,0.47,31.41
968,117.15832745,40.06631179,0.07,1,0.55,13.65
969,116.68285704,40.02697558,0.10,1,0.54,15.46
970,115.96819230,40.40760464,0.11,1,0.58,15.51
971,116.50425362,39.95382796,0.11,1,0.68,16.10
972,116.95627751,40.88155365,0.13,1,0.61,4.31
973,116.24278510,40.05373820,0.11,0,0.63,15.34
974,116.93763738,40.44446890,0.07,1,0.46,15.62
975,116.22979905,40.05558679,0.11,1,0.47,4.81
976,116.40953033,40.10513804,0.12,1,0.60,4.02
977,116.29040534,40.44418706,0.05,1,0.73,13.38
978,116.18059106,40.49466817,0.11,1,0.44,4.18
979,116.39986139,40.12454606,0.11,1,0.61,16.11
980,115.95980486,40.41046274,0.10,0,0.55,32.07
981,116.35084811,39.99805651,0.04,1,0.49,4.46
982,116.38118666,40.79497680,0.09,0,0.56,14.35
983,116.13220722,40.35659666,0.11,1,0.60,13.43
984,116.42038571,40.22662288,0.11,1,0.60,31.41
985,116.86936388,40.11523660,0.12,1,0.43,13.56
986,116.52224549,40.28419522,0.08,1,0.57,13.99
987,116.43997361,40.38354646,0.02,1,0.55,14.47
988,116.60772690,40.03163727,0.08,1,0.63,4.55
989,116.76600217,39.87905945,0.07,0,0.54,14.41
990,116.11979407,39.83728629,0.09,1,0.47,15.23
991,116.31858177,40.24471698,0.16,1,0.53,16.35
992,115.87704294,40.00916506,0.12,1,0.84,14.25
993,117.51099166,39.94941845,0.13,1,0.57,16.28
994,116.12621214,40.08579446,0.12,0,0.80,16.90
995,116.06378537,40.09319630,0.14,1,0.61,14.45
996,115.82274670,40.34398298,0.13,1,0.73,15.85
997,116.83207572,40.07779985,0.10,0,0.57,13.97
998,116.00984512,39.97296076,0.06,0,0.49,14.16
999,116.41883709,40.37018665,0.10,1,0.58,14.01
1000,116.55245809,40.25063872,0.06,0,0.49,29.90
1001,116.20503039,40.23057473,0.08,1,0.75,14.26
1002,116.32648659,40.51672186,0.08,1,0.69,4.06
1003,116.78663470,40.25537923,0.07,1,0.49,16.02
1004,116.55216317,40.26896533,0.08,1,0.48,4.77
1005,116.23807961,40.23643160,0.14,1,0.46,4.41
1006,116.40485057,40.24564027,0.14,1,0.73,27.46
1007,116.58348566,40.16296943,0.07,1,0.60,13.02
1008,116.73678415,40.41102573,0.11,1,0.50,13.36
1009,116.28176720,39.81836513,0.11,1,0.51,17.20
1010,115.84881574,40.16148584,0.13,1,0.66,12.33
1011,116.36634989,40.41663620,0.13,1,0.49,15.78
1012,116.76481358,40.43974063,0.13,1,0.70,15.13
1013,116.16036353,40.92968537,0.08,1,0.73,15.70
1014,116.85608019,40.06938598,0.08,0,0.43,15.21
1015,116.93269788,40.33364702,0.14,1,0.60,15.10
1016,116.72712499,40.39517516,0.07,1,0.67,4.63
1017,116.30304511,40.76681259,0.10,1,0.61,4.67
1018,115.79802189,40.35578133,0.11,1,0.68,14.34
1019,116.56818114,40.63876866,0.16,0,0.51,13.98
1020,117.01829466,40.18582306,0.04,1,0.45,14.85
1021,116.07553782,40.41395478,0.05,1,0.55,15.48
1022,117.14848968,40.08284219,0.14,1,0.36,13.21
1023,116.67208043,40.66553791,0.10,0,0.53,4.70
1024,116.96205848,40.21493134,0.10,1,0.78,28.78
1025,116.37159728,40.50082199,0.11,1,0.59,14.88
1026,116.74264564,40.36232034,0.13,1,0.48,14.05
1027,116.85874160,40.30323819,0.09,1,0.60,15.02
1028,116.78794106,40.07503107,0.08,1,0.63,15.78
1029,116.72766877,40.07181504,0.08,1,0.57,3.85
1030,116.54431394,40.35357140,0.16,1,0.50,16.49
1031,116.22984424,40.05816417,0.08,1,0.62,14.41
1032,116.00465625,40.26366755,0.05,1,0.49,5.24
1033,115.81723242,40.13565628,0.12,0,0.59,12.84
1034,116.06638561,40.35348582,0.12,1,0.60,16.11
1035,116.44283834,40.12305473,0.13,1,0.38,4.08
1036,115.95772523,40.62500715,0.08,0,0.71,15.87
1037,116.31435091,40.42628528,0.13,1,0.61,14.90
1038,116.68375673,40.13180726,0.12,1,0.43,15.27
1039,116.25245559,39.88356427,0.10,1,0.59,27.76
1040,116.28943439,40.96121122,0.14,1,0.49,14.78
1041,116.27674078,40.10853284,0.10,0,0.51,14.24
1042,116.77387971,40.86005246,0.08,1,0.64,13.28
1043,115.55956999,39.84708709,0.11,1,0.43,15.05
1044,116.45404347,39.94733992,0.09,0,0.44,16.23
1045,116.19610714,40.17000020,0.12,1,0.52,4.48
1046,117.10597100,40.66331346,0.06,1,0.52,11.91
1047,116.01968251,40.09225026,0.11,1,0.57,15.99
1048,116.44896085,40.01630302,0.10,1,0.26,15.09
1049,116.51300254,40.30539270,0.09,1,0.35,28.92
1050,116.61262348,40.22905630,0.14,1,0.59,14.95
1051,116.45445640,40.44749478,0.11,0,0.55,16.49
1052,116.57832864,40.24136502,0.08,1,0.49,15.11
1053,117.27546344,40.27500120,0.06,1,0.72,28.35
1054,116.48554391,40.21484630,0.11,0,0.39,14.86
1055,117.34755519,40.01131487,0.09,1,0.48,14.73
1056,116.43464473,39.69449489,0.16,1,0.40,16.59
1057,116.54381048,40.53793982,0.13,0,0.59,14.21
1058,116.69757240,40.39407698,0.05,1,0.67,14.48
1059,115.74159908,39.54098817,0.09,1,0.66,15.40
1060,116.96849800,40.59767903,0.14,1,0.65,15.39
1061,115.97210834,40.49232067,0.09,1,0.48,15.72
1062,116.21997954,40.00224993,0.10,0,0.72,4.43
1063,117.43423912,39.95988269,0.11,0,0.69,13.54
1064,116.96370059,39.76525003,0.17,1,0.37,4.64
1065,116.65066233,40.28317051,0.13,1,0.67,27.53
1066,116.74193911,40.21557606,0.06,1,0.47,14.64
1067,116.76703908,40.95699574,0.13,0,0.58,14.71
1068,116.72398360,40.34813529,0.08,1,0.59,4.68
1069,117.24110221,39.65885168,0.12,0,0.60,15.81
1070,115.91818305,40.18727609,0.11,1,0.36,4.56
1071,117.06857131,40.34895561,0.14,1,0.25,4.29
1072,115.76084927,39.67588516,0.14,0,0.30,4.36
1073,115.60639495,40.49772873,0.10,0,0.38,15.87
1074,116.06721351,40.20984005,0.10,1,0.71,15.42
1075,116.02047938,39.96152647,0.15,1,0.56,14.61
1076,116.74554532,40.02026940,0.10,1,0.62,14.63
1077,116.83176532,40.39856268,0.12,1,0.68,15.78
1078,116.86150339,40.18993022,0.12,1,0.74,17.04
1079,116.28265394,40.28644289,0.14,0,0.50,14.74
1080,116.69834398,39.88141368,0.12,1,0.47,14.29
1081,115.68596218,40.52174065,0.06,1,0.42,4.27
1082,116.91000751,40.49936453,0.08,1,0.79,16.02
1083,116.96008533,40.09064193,0.08,1,0.50,13.87
1084,116.88840781,40.40903943,0.14,1,0.72,14.00
1085,116.28776805,40.80598273,0.08,1,0.54,14.11
1086,116.06012127,40.77095196,0.12,0,0.52,15.47
1087,117.42310284,39.86261448,0.07,1,0.41,14.80
1088,116.30053107,40.09451955,0.11,1,0.59,14.17
1089,116.88813704,40.31840074,0.09,1,0.54,13.22
1090,117.19644517,40.99378619,0.11,1,0.48,14.28
1091,117.08902260,40.75719067,0.19,1,0.25,14.24
1092,116.55050474,40.17892582,0.08,1,0.43,15.11
1093,116.25264368,40.21245985,0.08,1,0.73,14.80
1094,117.13928795,40.25677361,0.19,1,0.76,14.82
1095,116.75669971,39.67607983,0.09,1,0.48,4.68
1096,116.58848819,39.77258689,0.12,1,0.55,15.32
1097,116.03250100,40.37872221,0.05,0,0.52,4.53
1098,116.57274303,40.54540305,0.12,1,0.83,13.48
1099,117.01278230,39.46820985,0.12,1,0.65,15.34
1100,116.40195147,40.21159952,0.11,1,0.63,15.67
1101,116.46505770,40.10990568,0.13,1,0.43,15.27
1102,115.86951009,40.10054535,0.11,1,0.31,4.38
1103,116.44131151,40.77252027,0.14,1,0.64,14.74
1104,115.45086953,40.30259218,0.14,1,0.48,4.67
1105,115.79696017,39.47075369,0.12,1,0.52,16.46
1106,116.04156753,40.47638972,0.06,1,0.42,14.70
1107,116.26648493,40.21981606,0.11,1,0.29,33.13
1108,117.50349896,40.61455711,0.11,1,0.61,17.20
1109,116.49410224,40.14295575,0.11,1,0.48,15.25
1110,116.18803157,40.00780469,0.11,1,0.64,5.19
1111,116.30012314,40.42790436,0.05,1,0.50,13.21
1112,116.68088778,40.46255227,0.06,1,0.47,14.28
1113,116.19738776,40.47632851,0.14,1,0.48,14.26
1114,116.69582284,40.11018498,0.12,1,0.50,14.07
1115,116.81745300,40.66726371,0.14,0,0.48,30.39
1116,116.02467691,40.28230142,0.08,1,0.48,14.82
1117,116.47049850,39.87564758,0.13,0,0.57,4.41
1118,115.77822651,39.95394762,0.09,1,0.71,14.85
1119,116.74136527,40.14664780,0.10,1,0.71,15.01
1120,116.64171419,40.17455032,0.11,1,0.59,15.43
1121,116.72185730,40.10192795,0.10,1,0.33,14.13
1122,116.10454518,39.97781115,0.15,0,0.60,4.47
1123,116.53874052,40.26682178,0.10,1,0.60,31.67
1124,117.45734551,39.54638139,0.12,0,0.59,15.90
1125,116.53300468,40.20452567,0.10,1,0.58,4.64
1126,116.18632857,39.99812156,0.06,0,0.61,13.45
1127,116.85991691,39.98069268,0.05,1,0.69,4.63
1128,116.97632240,40.65396158,0.11,1,0.44,15.09
1129,116.46941618,39.84288628,0.09,1,0.39,13.68
1130,116.61943649,40.04825967,0.07,1,0.59,16.09
1131,116.24802175,40.17336976,0.14,1,0.56,29.85
1132,116.53981171,40.39582450,0.09,1,0.66,16.11
1133,115.88245800,40.54238890,0.12,1,0.42,28.36
1134,116.23158742,40.33334281,0.15,1,0.61,4.69
1135,116.64003197,40.07641465,0.07,1,0.61,15.41
1136,116.09891550,40.79027456,0.12,1,0.25,14.72
1137,116.42484102,39.98282573,0.09,1,0.50,14.23
1138,117.00972780,40.14971959,0.07,1,0.35,4.57
1139,116.87766516,40.02648126,0.06,1,0.57,16.14
1140,116.64319641,40.13452602,0.10,1,0.48,15.78
1141,116.57876047,39.80638159,0.11,1,0.39,15.74
1142,115.83622462,40.51843677,0.11,0,0.76,14.58
1143,115.57700012,39.53339872,0.10,1,0.58,30.26
1144,116.65535652,40.43405252,0.05,0,0.62,14.06
1145,115.67358703,40.29135521,0.12,0,0.62,4.68
1146,116.16109752,40.32685122,0.10,1,0.62,27.60
1147,116.73539181,39.84000811,0.17,1,0.38,15.97
1148,115.98344477,40.57559834,0.16,1,0.44,13.33
1149,116.57336644,40.36940786,0.09,1,0.79,5.05
1150,116.43815116,40.59978301,0.07,1,0.88,15.50
1151,116.25695448,40.57328166,0.11,0,0.39,14.24
1152,116.46717158,40.47135791,0.10,1,0.42,15.47
1153,116.70214073,40.56342798,0.13,1,0.67,15.56
1154,117.37246164,40.54591780,0.05,1,0.58,4.70
1155,116.42897373,40.45592052,0.18,1,0.47,15.50
1156,116.43382094,40.47717654,0.11,0,0.68,14.94
1157,116.36605011,40.07661705,0.09,1,0.57,15.31
1158,116.41896019,40.32095017,0.14,1,0.51,13.54
1159,115.92074365,40.21005773,0.07,1,0.65,13.61
1160,116.88293083,40.45729215,0.04,1,0.25,15.18
1161,116.60239573,39.64357432,0.09,0,0.45,15.75
1162,116.38749822,39.84924887,0.06,1,0.70,4.55
1163,116.49337756,40.11573201,0.10,1,0.60,13.65
1164,117.37583095,40.18292993,0.10,1,0.64,27.95
1165,116.63095144,39.91202942,0.13,1,0.34,13.42
1166,116.59223177,39.85326969,0.09,1,0.55,14.47
1167,116.55641831,40.41183737,0.12,1,0.58,13.80
1168,115.75575179,40.33852570,0.13,1,0.82,4.94
1169,116.40287990,40.69802556,0.09,1,0.68,14.55
1170,116.65413280,40.47509780,0.08,1,0.52,14.12
1171,116.07963389,40.08558598,0.08,1,0.57,16.38
1172,116.52383006,40.18187969,0.10,1,0.61,14.49
1173,116.42945090,40.13121121,0.09,1,0.55,4.83
1174,115.95558107,40.17664071,0.10,1,0.29,15.19
1175,116.66083386,40.05850768,0.10,1,0.30,4.78
1176,116.53337913,39.93231922,0.10,0,0.62,14.97
1177,116.55857926,40.42707317,0.11,1,0.80,14.72
1178,116.39575567,40.07923768,0.10,0,0.46,16.86
1179,115.88886840,40.57020947,0.06,1,0.61,4.95
1180,116.88223094,40.13204875,0.16,1,0.48,14.84
1181,116.86163273,40.33716743,0.09,1,0.61,15.85
1182,116.97696793,40.30831223,0.10,0,0.26,4.93
1183,116.34120488,40.84886454,0.09,1,0.55,13.03
1184,115.85073293,40.26430647,0.12,1,0.61,4.46
1185,116.09562845,39.76801083,0.07,1,0.76,15.85
1186,116.73927868,40.46713741,0.13,1,0.33,31.15
1187,116.74153626,40.14987352,0.07,1,0.58,14.78
1188,115.79642675,39.89464472,0.12,1,0.67,15.81
1189,117.34897546,39.81692989,0.11,1,0.63,26.56
1190,117.06013251,39.81452129,0.08,1,0.61,13.31
1191,116.29899375,40.26945853,0.12,1,0.42,14.49
1192,116.28202939,40.29660964,0.09,1,0.53,14.94
1193,115.97976581,40.13836802,0.12,0,0.72,13.89
1194,116.20225955,39.59355605,0.15,1,0.53,14.90
1195,117.08417049,39.75417412,0.11,1,0.59,15.25
1196,116.08474308,40.13854628,0.09,1,0.41,25.66
1197,116.26440986,40.74728033,0.09,0,0.34,14.89
1198,116.42407014,40.30131111,0.06,0,0.59,14.55
1199,116.86930564,40.51782695,0.07,1,0.63,15.74
1200,117.39668636,40.60723959,0.02,1,0.43,15.23
1201,116.43085839,40.40189598,0.10,1,0.39,15.21
1202,115.85908930,40.50352809,0.11,1,0.61,31.62
1203,117.03645708,40.22282768,0.08,1,0.41,4.31
1204,116.33609681,40.49729363,0.18,1,0.55,31.97
1205,117.13196649,39.49047430,0.06,1,0.21,15.88
1206,116.64606359,39.74819694,0.15,1,0.69,4.62
1207,116.46908067,40.57477233,0.08,1,0.47,15.50
1208,116.99934977,40.63681528,0.08,1,0.48,15.10
1209,117.01351527,40.38150631,0.13,1,0.67,13.79
1210,116.24414643,40.33677909,0.16,1,0.67,16.03
1211,116.36064616,40.43327741,0.11,1,0.44,14.24
1212,117.04880621,40.21400803,0.12,0,0.49,4.45
1213,116.33620580,39.92862435,0.07,1,0.54,15.08
1214,116.33794727,40.37459127,0.09,0,0.54,16.69
1215,116.92123911,40.55762139,0.09,1,0.45,27.55
1216,116.21856899,40.63364111,0.10,1,0.38,17.20
1217,116.18165049,40.09654971,0.13,1,0.72,28.06
1218,115.85867252,40.02686624,0.08,0,0.65,3.73
1219,116.37470225,40.54130205,0.12,1,0.47,14.41
1220,116.35220034,40.44419060,0.10,1,0.73,4.80
1221,116.34723948,40.07419324,0.08,1,0.60,15.35
1222,116.38213859,40.47112671,0.06,1,0.47,15.30
1223,116.69912380,39.95777337,0.10,1,0.46,30.25
1224,116.42865183,39.65771695,0.06,1,0.66,16.13
1225,117.12618315,40.52824177,0.05,1,0.74,15.03
1226,116.11310646,39.80847216,0.13,1,0.65,13.36
1227,115.96333516,40.08500309,0.10,1,0.52,15.82
1228,116.73547963,39.90203245,0.09,1,0.58,16.60
1229,116.51795108,40.69075009,0.08,1,0.44,4.69
1230,115.91019750,40.07542952,0.13,1,0.49,14.22
1231,116.02408472,39.97204332,0.13,1,0.50,13.15
1232,116.13273901,39.76104970,0.04,0,0.72,4.52
1233,116.63503160,40.15177836,0.14,1,0.57,13.76
1234,116.61305208,40.13710474,0.13,1,0.54,13.01
1235,117.05420381,39.55812195,0.06,0,0.41,15.55
1236,115.65435038,40.19004690,0.06,1,0.61,14.82
1237,116.55368837,40.12217805,0.15,1,0.40,4.53
1238,117.04800586,40.39919673,0.08,1,0.58,16.22
1239,116.00127566,40.01314979,0.06,1,0.53,14.88
1240,116.32674279,40.72539469,0.09,0,0.56,4.79
1241,115.59060029,40.95389883,0.10,0,0.83,13.59
1242,116.32616745,40.41461461,0.10,1,0.69,14.66
1243,116.58594195,40.73417453,0.07,1,0.59,14.33
1244,116.55011494,40.38541203,0.16,1,0.28,4.39
1245,115.81213650,40.05774592,0.09,1,0.87,14.27
1246,115.99264835,40.21833372,0.08,1,0.18,14.92
1247,116.52044309,40.00501301,0.09,1,0.46,3.72
1248,115.72337827,40.24233857,0.09,1,0.37,30.19
1249,116.27783709,39.90783675,0.10,0,0.62,13.68
1250,116.84170775,40.24401476,0.13,1,0.48,15.44
1251,116.56333293,39.81910653,0.09,1,0.65,14.70
1252,116.28737506,39.90051627,0.13,0,0.48,4.51
1253,116.07437054,40.48186612,0.07,1,0.40,14.39
1254,117.43750164,40.08050946,0.05,1,0.43,15.24
1255,116.87262043,40.10767731,0.11,0,0.67,15.68
1256,116.88394757,39.91301037,0.12,1,0.46,13.94
1257,116.60014859,40.34511575,0.13,1,0.52,15.11
1258,116.10933259,40.31092259,0.10,1,0.53,14.58
1259,116.28271674,40.26540418,0.12,0,0.67,14.96
1260,116.33626400,40.05239019,0.07,1,0.54,15.14
1261,116.69411135,40.48657396,0.05,1,0.62,14.87
1262,116.66153709,40.16387249,0.15,1,0.55,16.36
1263,116.71927830,40.17225947,0.09,1,0.45,4.25
1264,115.83762336,40.43270343,0.10,1,0.53,15.60
1265,117.47252822,39.98493311,0.13,1,0.55,15.62
1266,116.16513796,40.36044393,0.09,1,0.64,14.84
1267,116.78058424,39.66820367,0.08,1,0.41,14.94
1268,117.26072622,39.92840484,0.13,0,0.58,13.93
1269,116.54194751,40.46271556,0.05,1,0.79,15.81
1270,116.30850903,39.82524776,0.12,0,0.65,15.10
1271,116.45288839,40.15189535,0.10,1,0.63,14.25
1272,116.47061670,40.20967629,0.06,1,0.43,14.66
1273,116.45259825,40.14185770,0.08,1,0.43,14.40
1274,116.10586764,40.56427325,0.09,0,0.36,14.65
1275,116.09695644,39.90222670,0.06,0,0.37,14.71
1276,116.02172337,41.00161692,0.10,1,0.63,13.19
1277,116.88688026,40.09340470,0.12,1,0.61,14.60
1278,116.53377202,40.04661129,0.04,1,0.60,13.63
1279,116.68024029,40.14779498,0.16,0,0.55,15.44
1280,116.95585129,40.33335521,0.06,1,0.44,4.08
1281,116.15591977,40.13157529,0.17,1,0.63,16.85
1282,116.27647381,40.20119626,0.07,1,0.38,15.23
1283,116.67535929,39.48010033,0.08,1,0.57,15.41
1284,116.61516521,40.42190612,0.10,1,0.47,4.50
1285,115.71134231,40.27586622,0.12,0,0.39,14.41
1286,116.34821324,40.94304287,0.11,1,0.66,15.82
1287,116.57941477,40.28613999,0.12,1,0.43,15.50
1288,116.40955750,40.08907359,0.14,0,0.54,13.73
1289,117.36335145,40.59830960,0.07,1,0.44,16.32
1290,116.25380286,40.27251731,0.12,0,0.48,29.98
1291,116.42549910,39.85184028,0.13,1,0.68,14.92
1292,117.15994018,40.27307612,0.07,1,0.67,14.03
1293,116.76818551,40.01836879,0.17,1,0.60,14.98
1294,116.62285432,40.62873297,0.11,1,0.34,14.82
1295,116.23335819,40.49497277,0.07,1,0.67,5.07
1296,116.21472804,39.55623946,0.11,1,0.54,15.42
1297,116.00143389,40.29718258,0.09,1,0.48,14.92
1298,117.38613638,40.76653628,0.02,1,0.59,15.41
1299,116.40029071,40.35628569,0.06,1,0.43,14.96
1300,116.28946934,40.14435132,0.04,1,0.61,4.26
1301,116.46568243,39.82916428,0.07,1,0.34,16.19
1302,116.26707437,39.86320753,0.08,1,0.55,16.14
1303,116.58975060,40.24676523,0.13,1,0.88,15.89
1304,116.13955134,40.54052717,0.07,0,0.53,15.10
1305,115.40331542,40.20517288,0.11,1,0.27,14.68
1306,116.55697000,40.37703944,0.07,1,0.37,16.47
1307,116.84562529,40.38543716,0.10,1,0.51,4.29
1308,117.25929559,40.70355396,0.08,1,0.48,14.64
1309,116.73181313,40.06417374,0.11,0,0.29,4.52
1310,116.87327643,40.50910203,0.09,1,0.40,31.60
1311,116.71797500,40.33993364,0.10,0,0.78,14.92
1312,116.77138497,40.58326356,0.07,1,0.60,31.62
1313,116.62129415,39.89844915,0.08,0,0.68,15.34
1314,116.00265576,39.81368352,0.08,0,0.24,13.68
1315,116.61652484,40.47317659,0.11,0,0.39,13.30
1316,116.03684236,39.80467867,0.12,0,0.59,15.80
1317,115.65022544,40.01062563,0.08,1,0.63,4.38
1318,117.02500271,40.61476974,0.09,0,0.40,29.08
1319,116.29173932,40.68558921,0.10,1,0.56,29.18
1320,116.23940517,40.05311903,0.12,1,0.61,16.26
1321,116.94681832,40.19128995,0.15,1,0.65,32.38
1322,116.27083084,39.68071435,0.10,0,0.50,4.59
1323,116.57849270,41.02099077,0.10,1,0.57,4.59
1324,116.17862821,39.58850085,0.07,1,0.42,13.67
1325,115.96463619,39.52078687,0.15,1,0.48,16.62
1326,116.28832034,40.17994287,0.07,1,0.40,4.73
1327,116.74868339,39.94793812,0.09,1,0.49,15.48
1328,116.58545608,39.50955114,0.13,0,0.37,16.37
1329,115.79025487,39.72109645,0.06,1,0.69,15.59
1330,115.94831559,40.17636874,0.06,1,0.57,14.76
1331,117.18262838,40.51272712,0.09,1,0.62,14.73
1332,116.74711368,40.31830627,0.07,1,0.59,14.39
1333,116.80055559,39.96704213,0.11,1,0.50,14.94
1334,116.53906443,41.00030225,0.09,1,0.38,14.48
1335,116.33707035,40.50433723,0.09,1,0.84,4.91
1336,116.15536809,40.14526424,0.11,1,0.71,4.51
1337,116.58091328,40.01100990,0.15,1,0.40,16.47
1338,116.36575369,40.24736103,0.11,1,0.46,27.10
1339,116.44495156,39.75739707,0.09,1,0.59,4.71
1340,115.59431606,40.27445719,0.16,1,0.44,13.32
1341,116.64246988,39.95804507,0.07,1,0.54,4.89
1342,116.30640324,40.33521393,0.12,1,0.63,15.34
1343,116.88368245,40.41562907,0.09,1,0.47,4.49
1344,116.16392418,40.04689064,0.10,1,0.41,4.65
1345,116.00489397,40.09061615,0.09,1,0.52,13.72
1346,116.31702344,40.32044353,0.08,1,0.42,13.98
1347,116.71175622,40.19121748,0.09,0,0.47,13.96
1348,116.77494604,40.02775995,0.05,1,0.61,13.71
1349,115.84201105,39.98926794,0.13,1,0.41,15.77
1350,116.17457025,40.22038190,0.07,1,0.47,4.26
1351,115.73923830,40.11418568,0.02,0,0.59,15.81
1352,116.69198597,39.85489002,0.11,1,0.63,15.51
1353,115.95666797,40.17735178,0.14,1,0.54,14.82
1354,115.86845742,40.16842752,0.15,1,0.62,14.90
1355,116.29010315,40.09369879,0.19,1,0.71,15.51
1356,116.35639807,40.29970793,0.04,1,0.22,4.31
1357,116.54987626,39.88950668,0.14,1,0.72,4.99
1358,116.51047506,39.76174102,0.13,1,0.61,13.71
1359,116.04486310,40.31585007,0.09,1,0.44,4.88
1360,116.27645695,40.33401512,0.13,1,0.65,14.47
1361,117.05170794,40.44079617,0.05,1,0.69,14.54
1362,116.69597424,39.47689670,0.11,1,0.29,15.61
1363,116.09710589,40.74176808,0.14,0,0.79,17.29
1364,116.45143535,40.31295409,0.15,1,0.63,4.76
1365,116.00711223,40.04508643,0.11,0,0.63,4.57
1366,116.69493953,40.24390725,0.10,1,0.48,15.07
1367,116.28851498,40.07895244,0.12,1,0.80,15.65
1368,116.53755811,39.97233605,0.11,1,0.65,4.51
1369,116.86064585,40.23360255,0.09,1,0.28,30.16
1370,115.71762624,40.05601524,0.06,0,0.62,15.02
1371,117.33381194,39.83435978,0.04,1,0.41,30.33
1372,117.06435954,39.95928564,0.06,1,0.71,4.65
1373,117.03572603,39.85973906,0.08,1,0.48,15.38
1374,116.14472199,40.83576879,0.07,1,0.44,14.09
1375,116.18755728,40.28698275,0.11,1,0.52,15.12
1376,116.15231234,40.73772569,0.14,1,0.47,15.53
1377,116.89327491,39.98470764,0.10,1,0.59,14.36
1378,117.05137465,40.42718782,0.14,1,0.46,14.80
1379,116.19118979,40.11311911,0.11,0,0.54,13.06
1380,116.43891560,39.83349070,0.12,1,0.70,15.50
1381,116.11132087,40.38383870,0.08,1,0.34,14.36
1382,116.06162529,40.16186707,0.05,0,0.80,15.41
1383,116.74527701,40.18283619,0.09,1,0.48,4.66
1384,115.70572421,39.86186770,0.12,1,0.50,14.77
1385,116.22500805,40.43041736,0.06,1,0.43,15.40
1386,116.90274175,39.57204378,0.14,1,0.54,4.55
1387,115.51692975,40.79442205,0.06,1,0.61,4.72
1388,116.87930829,39.64040823,0.10,1,0.79,15.28
1389,116.73810260,40.65943945,0.10,1,0.65,29.67
1390,115.71445236,39.91525159,0.14,1,0.51,18.01
1391,116.44839281,40.55997274,0.09,1,0.58,16.21
1392,117.05163652,40.11782205,0.06,1,0.68,14.78
1393,116.32298900,40.25342779,0.09,1,0.40,13.82
1394,116.28761389,40.62530155,0.08,1,0.81,16.29
1395,115.82223097,40.08704661,0.08,0,0.55,12.85
1396,116.02512650,40.45969137,0.14,1,0.45,4.27
1397,116.04483846,40.19223849,0.07,1,0.59,14.47
1398,116.55756910,40.26280458,0.07,1,0.72,4.35
1399,116.92281695,39.67824238,0.15,1,0.46,14.80
1400,116.23963492,40.08749395,0.11,1,0.36,4.49
1401,116.17462384,40.50406090,0.11,1,0.43,15.22
1402,116.92132169,40.25097908,0.10,1,0.73,29.59
1403,115.66765285,39.69496324,0.08,1,0.77,15.94
1404,117.00568895,40.11429022,0.12,0,0.36,31.46
1405,116.78672329,40.47558712,0.13,1,0.42,27.98
1406,115.79332752,40.63791900,0.12,1,0.56,16.37
1407,116.00154701,40.10765793,0.05,1,0.41,14.85
1408,115.78672185,39.65047806,0.09,0,0.53,14.80
1409,116.90023432,39.62351085,0.13,1,0.61,14.43
1410,117.52269892,40.73120088,0.07,0,0.35,14.74
1411,117.23459382,40.53397107,0.13,0,0.91,15.33
1412,116.46649710,40.30658598,0.13,1,0.86,15.53
1413,116.41623824,40.23347859,0.12,0,0.56,16.62
1414,116.78990844,39.99286687,0.08,0,0.59,14.37
1415,116.66321498,40.32752799,0.08,1,0.33,29.91
1416,117.03043219,40.28387745,0.10,1,0.49,12.49
1417,116.19269022,39.69376800,0.08,0,0.41,15.13
1418,117.17727250,40.11789257,0.11,1,0.54,15.47
1419,116.31123942,40.12325304,0.05,1,0.71,13.95
1420,116.53525910,40.15601631,0.13,1,0.63,4.41
1421,116.50710234,40.47490815,0.14,0,0.60,16.39
1422,115.63031391,40.52068730,0.14,1,0.61,29.01
1423,116.92807571,39.49445602,0.09,0,0.62,14.91
1424,116.20112052,40.86922234,0.09,1,0.53,16.82
1425,116.91146638,40.09543424,0.10,1,0.59,13.85
1426,116.03488583,40.16502665,0.09,1,0.70,13.28
1427,116.39325510,39.92962085,0.17,1,0.59,33.04
1428,116.28018969,40.13735958,0.10,1,0.55,4.15
1429,116.88136043,40.73181644,0.04,1,0.56,13.42
1430,116.75780000,39.93758759,0.08,1,0.56,14.82
1431,116.30482079,39.95570947,0.13,1,0.50,14.91
1432,117.13758077,40.43099232,0.10,0,0.44,4.69
1433,116.07481804,40.36378691,0.09,1,0.41,4.74
1434,117.15336748,39.47171659,0.08,1,0.50,29.95
1435,116.49154076,40.42108950,0.10,0,0.42,15.52
1436,115.90855223,39.96176318,0.08,1,0.61,30.22
1437,116.63646116,40.09188224,0.13,1,0.41,15.85
1438,116.68443279,40.32075072,0.07,1,0.59,16.89
1439,116.16979359,40.00489144,0.14,0,0.45,16.02
1440,116.29108005,40.08095479,0.14,1,0.74,4.45
1441,116.65188517,40.22605323,0.08,1,0.45,15.21
1442,116.49303646,40.19680901,0.11,1,0.38,4.41
1443,116.54906974,40.00232882,0.09,1,0.52,16.27
1444,116.63449769,40.06841993,0.04,1,0.34,4.76
1445,116.38545200,40.50860781,0.11,1,0.82,15.16
1446,115.66967279,40.05193424,0.10,1,0.68,15.42
1447,116.60967522,40.13316876,0.12,0,0.58,15.76
1448,116.26559261,39.75757659,0.12,1,0.68,28.15
1449,117.18991877,40.38496265,0.09,1,0.54,16.04
1450,117.24731170,39.55629063,0.05,0,0.54,34.08
1451,116.43576066,39.70052754,0.11,1,0.76,16.02
1452,115.98288110,40.46293574,0.11,1,0.44,4.65
1453,117.15100949,40.27861442,0.12,1,0.57,13.28
1454,116.84320218,40.40543756,0.09,1,0.57,30.43
1455,116.91857702,39.76172280,0.12,1,0.71,15.80
1456,116.25413185,40.25187654,0.14,1,0.49,13.96
1457,116.72624864,40.13195854,0.13,1,0.49,14.80
1458,116.93933695,40.56730132,0.11,1,0.64,15.95
1459,116.77207369,40.39974277,0.12,1,0.47,4.53
1460,116.63997898,40.49212749,0.10,1,0.31,15.55
1461,115.93311260,39.87866408,0.11,1,0.44,29.43
1462,116.47817743,40.21694017,0.04,1,0.54,14.72
1463,116.23476710,40.44869425,0.13,0,0.30,14.61
1464,116.67485809,40.16355483,0.07,0,0.58,15.74
1465,116.84812914,40.49284331,0.14,1,0.33,15.44
1466,116.15778735,40.04375454,0.10,1,0.77,4.88
1467,115.77721156,40.29489311,0.18,1,0.74,28.97
1468,116.95192491,40.35746221,0.07,0,0.38,14.85
1469,116.79452177,40.40514414,0.14,1,0.62,15.11
1470,116.72580165,40.82509252,0.16,1,0.44,4.64
1471,117.22089153,39.78437188,0.10,1,0.34,15.81
1472,116.95010605,40.11690752,0.12,0,0.41,4.40
1473,115.59499800,40.32805445,0.09,1,0.61,16.59
1474,116.97419185,40.17241585,0.14,1,0.60,4.19
1475,116.45592732,39.71591167,0.09,1,0.73,15.25
1476,117.07703071,40.12602202,0.07,1,0.37,4.29
1477,116.42476621,40.41625456,0.12,1,0.49,14.77
1478,116.32957804,40.30925762,0.10,1,0.62,12.98
1479,116.39575408,40.39521892,0.18,1,0.25,15.09
1480,117.47965241,40.50531901,0.09,1,0.61,14.24
1481,116.61083279,40.47832934,0.14,1,0.46,17.08
1482,116.43062295,40.19911164,0.15,1,0.57,15.39
1483,115.88900052,40.59064853,0.09,1,0.43,14.91
1484,116.19449594,40.22392851,0.06,1,0.33,14.11
1485,116.09245741,39.87792910,0.12,1,0.74,13.92
1486,116.72319514,39.83999255,0.09,0,0.36,15.34
1487,116.83987515,40.41888612,0.07,1,0.73,15.44
1488,116.50479938,40.45362693,0.10,1,0.83,15.35
1489,116.22497714,40.28159568,0.09,1,0.53,16.97
1490,116.23722600,40.16977383,0.13,1,0.45,4.72
1491,115.48626997,39.75884768,0.11,0,0.59,13.88
1492,115.54237553,39.81476812,0.10,1,0.65,15.19
1493,116.19646423,40.16497190,0.08,1,0.51,14.28
1494,116.39501010,39.73231358,0.06,1,0.61,13.04
1495,116.53991309,40.15257068,0.11,1,0.38,4.63
1496,116.41503010,40.15950456,0.12,1,0.61,16.00
1497,116.53681107,40.32398956,0.06,1,0.54,13.95
1498,117.20297008,39.95295905,0.10,0,0.71,14.64
1499,116.67317002,40.40082965,0.04,0,0.66,4.88
1500,116.16216985,40.37312959,0.10,1,0.43,14.29
